ID,Age,Gender,HCP,Driver,Driver_Dispersion,3-Wood,3-Wood_Dispersion,5-Wood,5-Wood_Dispersion,3-Hybrid,3-Hybrid_Dispersion,4-Hybrid,4-Hybrid_Dispersion,5-Hybrid,5-Hybrid_Dispersion,4-Iron,4-Iron_Dispersion,5-Iron,5-Iron_Dispersion,6-Iron,6-Iron_Dispersion,7-Iron,7-Iron_Dispersion,8-Iron,8-Iron_Dispersion,9-Iron,9-Iron_Dispersion,PW,PW_Dispersion,GW,GW_Dispersion,SW,SW_Dispersion,LW,LW_Dispersion
1,46,Female,13.5,198.7,21.3,160.1,28.2,,,,,,,,,,,139.5,18.2,123.2,13.3,115.4,12.3,110.5,8.5,101.2,8.9,94.8,7.7,,,82.5,8.6,,
2,46,Male,16.8,189.1,25.6,175.3,16.4,,,,,,,,,,,174.6,15.5,147.5,17.0,123.1,13.1,142.9,7.1,124.0,9.0,105.1,7.7,105.2,4.0,82.3,8.0,89.2,7.3
3,58,Female,34.8,111.5,27.3,100.0,22.6,,,89.0,23.6,,,,,,,,,77.5,14.8,71.5,11.0,66.5,8.5,61.5,10.1,55.5,9.9,52.5,4.5,52.1,8.7,,
4,38,Female,11.2,205.8,22.7,185.3,30.3,,,,,149.1,15.9,,,,,154.5,11.4,128.9,16.4,131.5,9.2,113.5,12.3,104.0,6.7,89.8,7.8,91.6,6.1,83.3,7.2,,
5,25,Female,30.0,123.5,26.9,,,,,,,,,,,,,,,91.4,18.6,94.0,17.3,86.0,9.4,76.9,10.7,60.4,8.0,,,71.5,8.9,55.5,8.5
6,52,Female,18.4,161.4,21.4,142.2,22.1,166.1,24.5,,,,,129.6,10.9,,,,,95.2,16.5,98.1,14.1,91.9,7.0,75.0,5.2,81.1,8.1,71.7,8.6,56.4,4.6,64.5,10.4
7,40,Male,7.9,268.4,21.0,234.8,15.9,,,,,,,,,,,191.1,9.3,175.2,10.9,167.2,10.5,155.3,8.4,141.6,8.1,135.5,3.4,126.3,6.4,114.8,5.2,103.6,3.9
8,46,Male,21.1,177.8,31.2,,,175.0,22.4,,,,,131.7,20.3,,,,,129.2,11.3,107.6,13.2,118.8,14.9,102.6,7.3,110.9,4.0,90.8,7.7,89.5,8.4,,
9,45,Male,27.9,146.9,34.1,,,,,,,,,114.9,17.2,,,,,117.0,14.9,129.0,13.2,102.9,13.0,76.0,8.1,75.0,9.8,76.0,9.8,79.4,6.2,57.0,8.7
10,53,Female,25.3,119.5,30.8,,,108.8,24.8,,,98.7,24.1,,,,,,,86.3,13.1,71.5,11.1,89.5,14.0,68.9,10.0,57.0,9.1,70.5,8.6,64.0,5.5,,
11,52,Male,14.3,220.8,31.0,175.8,16.5,196.5,14.9,,,,,131.2,15.6,,,,,119.1,13.4,118.4,15.9,116.3,8.0,128.5,8.3,109.1,3.7,112.8,6.5,103.9,6.3,,
12,22,Female,15.0,188.2,30.0,162.5,19.7,,,,,149.0,19.8,,,,,,,147.0,17.7,134.7,10.1,109.4,13.3,97.1,5.5,98.0,4.2,,,83.1,5.3,77.0,6.5
13,37,Female,24.9,141.4,22.2,135.7,20.1,,,127.9,23.2,125.2,15.7,,,,,115.8,13.6,107.5,13.0,93.3,13.4,85.3,7.4,74.7,10.2,73.9,8.8,69.9,8.9,60.6,9.6,,
14,42,Male,19.4,223.4,29.6,178.5,17.9,170.4,14.6,,,,,149.0,16.4,,,,,146.8,9.5,149.7,9.8,114.2,9.2,,,107.2,5.6,101.2,4.8,90.7,7.0,,
15,20,Male,9.9,272.4,22.1,256.3,13.5,,,,,179.4,14.1,,,190.1,13.0,178.0,12.0,164.7,9.1,168.1,11.7,153.2,9.8,142.7,4.2,121.2,3.1,,,103.9,3.7,,
16,39,Male,34.5,151.5,24.8,,,125.6,18.5,,,,,100.0,11.1,,,,,94.0,18.9,92.6,13.3,82.0,9.7,76.4,7.4,81.4,9.5,,,74.2,8.3,,
17,21,Male,29.0,172.9,29.8,144.1,27.5,,,,,,,,,,,,,118.1,11.4,114.8,15.4,101.3,12.2,106.9,10.1,105.2,8.5,,,76.2,7.8,,
18,36,Female,20.5,158.1,26.7,,,,,,,,,103.0,13.6,,,,,122.2,10.5,121.8,13.3,110.0,8.6,97.2,9.9,93.8,7.1,65.9,4.9,88.2,7.7,,
19,18,Male,0.7,301.0,15.4,266.1,12.8,252.2,18.7,,,,,,,,,212.7,13.7,200.9,8.6,188.1,9.6,175.3,9.7,162.4,6.4,151.8,3.2,141.1,5.7,129.3,5.2,,
20,49,Male,14.9,244.2,30.7,202.6,21.0,,,,,,,,,163.4,12.7,,,159.1,9.5,131.7,16.0,114.4,11.1,125.0,8.5,118.0,7.5,,,94.9,8.1,,
21,19,Male,30.9,185.4,31.3,,,,,,,,,119.1,11.8,,,,,110.3,17.7,117.7,13.7,97.0,12.5,,,92.8,6.2,,,67.2,7.5,,
22,35,Male,10.6,261.7,32.9,248.6,22.0,,,,,193.2,14.1,,,,,156.8,10.5,,,157.0,9.0,141.0,9.0,147.0,6.4,149.8,7.3,102.2,4.0,120.9,7.9,86.5,6.0
23,42,Male,17.6,225.1,18.5,200.8,17.4,,,,,,,,,,,152.4,10.5,149.7,13.9,136.1,13.4,122.6,12.3,118.3,6.9,98.7,8.2,,,88.0,7.2,91.2,5.0
24,50,Male,24.7,174.7,27.2,124.5,21.1,152.6,26.4,,,,,126.8,13.5,,,,,112.6,16.1,119.2,17.8,116.1,14.9,94.5,6.6,102.1,8.6,100.0,7.2,72.3,9.4,65.8,10.2
25,45,Male,0.5,286.3,21.4,249.9,21.7,232.9,11.2,,,,,,,,,197.7,15.0,194.1,13.7,169.7,12.0,167.5,7.6,149.3,8.0,149.0,3.9,135.2,6.3,125.3,4.9,,
26,37,Male,30.5,188.4,24.5,160.1,21.8,,,,,,,,,,,,,105.1,12.4,92.4,12.4,86.6,12.3,87.2,7.9,84.7,6.3,,,75.3,9.5,,
27,47,Female,14.5,188.7,22.6,159.4,22.2,,,133.6,11.9,,,,,,,,,109.6,12.5,115.0,9.0,101.5,10.3,102.0,8.8,89.8,6.1,,,90.3,5.9,71.3,10.8
28,26,Male,22.9,186.9,20.7,178.5,24.9,,,,,152.1,21.9,125.4,18.6,147.7,13.4,,,148.7,13.8,122.2,8.5,104.6,9.3,108.0,8.3,88.4,8.6,89.7,5.4,90.1,7.7,80.4,6.1
29,46,Male,12.2,232.4,26.6,230.6,31.4,182.8,17.3,,,,,175.1,10.1,,,,,171.9,15.2,143.6,12.1,137.3,8.7,116.1,9.8,119.5,5.4,102.0,4.7,110.3,6.7,89.6,10.6
30,32,Male,9.6,251.4,14.1,221.2,17.0,218.2,20.6,,,,,177.6,10.2,,,183.6,10.2,179.7,8.2,152.0,5.6,152.7,7.5,136.2,5.6,133.0,4.3,124.6,3.1,109.3,5.8,94.7,5.5
31,38,Female,28.0,138.1,26.2,134.5,22.6,,,,,,,80.0,21.2,,,103.6,11.5,107.1,18.3,97.2,8.6,72.6,8.9,75.4,6.4,62.3,8.8,70.1,6.0,60.2,5.3,,
32,49,Male,9.8,237.8,27.8,208.3,21.7,,,185.8,15.2,178.5,14.5,,,,,170.6,9.8,159.5,12.3,149.4,10.4,137.8,5.7,123.9,7.6,119.1,6.5,109.3,4.5,103.1,4.7,91.5,5.9
33,30,Female,3.8,227.2,25.2,203.8,23.0,,,,,,,,,,,169.1,11.4,157.9,13.8,,,135.5,8.3,125.3,4.6,113.1,6.3,,,98.8,6.2,,
34,21,Female,16.5,177.8,23.6,162.4,31.1,,,,,,,115.0,11.2,,,,,105.3,11.8,94.0,9.3,123.2,9.5,103.2,7.3,90.3,6.4,67.8,3.8,72.9,6.9,63.0,5.4
35,20,Female,11.2,184.8,19.0,159.2,17.6,,,,,,,,,,,,,126.2,14.9,120.4,11.6,138.3,7.9,103.0,7.7,107.2,4.5,100.5,4.6,85.3,7.2,67.6,7.1
36,31,Male,12.6,281.6,31.2,265.5,19.9,210.4,22.9,,,,,,,,,177.7,17.8,152.3,12.0,140.4,12.8,156.6,7.5,143.9,5.8,131.7,7.9,93.6,7.4,116.0,5.6,95.1,9.6
37,56,Male,24.3,165.1,21.2,171.5,25.0,,,,,,,112.3,14.0,121.4,17.9,99.5,21.1,107.0,12.1,118.6,15.5,103.0,9.4,83.6,8.2,89.8,8.7,68.0,8.7,67.5,6.4,55.0,8.4
38,40,Male,0.5,299.7,15.7,264.9,22.5,,,239.8,14.4,224.8,15.4,,,,,214.9,14.0,,,185.6,8.5,177.1,7.5,164.2,4.3,153.4,4.0,139.6,4.0,130.7,4.9,,
39,38,Male,24.9,211.4,35.7,,,,,,,,,133.7,13.7,,,,,127.5,14.8,117.5,12.5,109.5,11.6,99.0,5.0,108.0,6.5,96.5,8.5,85.0,7.5,80.4,7.5
40,51,Male,2.2,257.3,21.4,,,,,,,197.3,10.5,,,,,183.5,14.3,179.5,11.9,163.5,9.9,150.7,8.2,146.1,4.3,131.3,3.4,121.4,6.1,113.2,7.0,105.5,7.8
41,36,Male,6.5,257.1,27.2,247.3,17.2,229.6,11.8,,,,,,,,,,,184.5,10.3,168.6,11.4,161.7,8.5,151.2,5.9,135.7,7.0,,,119.1,4.6,114.3,6.2
42,22,Male,32.6,169.9,24.6,,,,,,,,,,,,,102.3,13.3,105.6,19.0,100.2,15.7,,,86.0,6.4,71.0,4.2,,,61.2,7.0,55.0,7.2
43,48,Male,2.9,270.4,20.2,239.9,14.9,,,208.7,16.0,,,,,,,190.1,8.7,171.9,9.3,166.7,6.3,154.4,5.2,143.7,5.2,134.3,3.9,,,112.2,6.6,103.3,6.9
44,59,Male,4.2,232.3,21.2,203.9,21.7,190.1,15.6,182.6,19.4,,,165.0,7.1,,,,,153.9,11.8,143.5,10.2,134.9,8.1,123.3,5.1,115.4,6.8,,,99.2,5.3,88.5,3.8
45,29,Male,0.6,298.8,26.7,266.6,17.1,252.2,12.8,,,,,,,225.7,12.1,,,202.8,10.9,188.1,8.6,176.3,6.0,162.3,7.2,153.3,4.0,,,130.7,3.9,,
46,33,Female,31.7,135.3,21.0,114.3,18.8,,,,,,,81.6,12.7,,,,,,,71.5,13.8,68.1,10.2,78.6,8.5,65.8,5.5,,,54.4,7.1,52.0,10.0
47,27,Male,9.1,256.8,22.5,244.1,13.4,,,,,198.9,15.6,,,188.2,12.6,176.2,14.5,165.6,7.6,177.8,6.1,152.2,9.0,133.5,7.7,139.4,5.6,,,117.5,4.5,101.3,4.7
48,39,Female,10.3,197.3,27.7,174.3,18.1,,,,,,,,,,,143.3,16.0,147.4,15.9,124.2,12.1,,,115.9,8.5,99.5,7.2,,,93.7,7.2,,
49,31,Male,10.5,248.2,31.9,225.8,28.2,218.6,16.3,186.7,21.7,,,,,,,,,191.8,17.7,180.3,10.2,165.7,9.6,149.4,5.1,135.3,8.8,,,103.9,5.7,,
50,24,Male,15.9,206.8,22.7,178.4,30.3,,,,,,,132.3,16.5,,,,,167.1,10.9,174.2,12.0,120.2,9.6,121.4,5.9,117.6,5.0,,,98.9,6.0,,
51,26,Female,9.3,207.4,16.9,179.0,20.7,,,169.9,19.6,,,,,,,159.5,14.2,147.8,10.6,135.5,11.6,120.4,8.7,,,105.7,6.3,,,87.9,5.4,84.4,8.1
52,44,Male,5.0,249.7,16.8,228.9,21.2,,,219.8,10.3,,,,,194.2,11.8,194.7,13.7,168.2,13.3,171.9,11.9,157.1,9.1,153.8,6.0,130.0,3.7,,,116.8,6.6,106.8,4.7
53,20,Male,34.8,140.8,20.0,124.5,19.4,,,,,,,100.0,16.4,,,,,94.0,10.3,88.0,12.9,90.0,11.7,78.9,8.4,79.0,9.3,74.1,4.1,65.6,5.7,,
54,20,Male,26.0,217.0,20.7,,,,,,,131.5,17.5,,,,,,,141.3,13.8,128.4,16.4,105.2,12.7,85.9,5.1,90.2,9.8,,,73.4,5.0,70.0,11.8
55,22,Male,22.9,193.1,35.8,199.7,24.1,,,,,,,,,,,,,122.3,18.6,,,113.4,10.8,98.9,6.0,108.6,9.2,88.4,10.0,76.9,5.6,,
56,34,Male,21.5,203.4,25.3,199.8,29.6,,,,,,,,,167.5,24.7,,,137.4,18.9,131.4,11.6,124.9,10.0,125.0,5.5,88.1,7.0,,,86.1,7.3,74.4,8.0
57,41,Male,6.5,261.1,24.9,,,,,,,,,,,,,196.5,10.0,172.0,13.6,185.0,5.9,151.5,6.6,152.8,3.5,144.2,6.0,,,119.9,5.0,,
58,21,Male,3.1,290.1,24.5,256.5,17.6,,,228.7,13.3,,,,,,,205.0,8.1,193.7,11.6,181.3,10.7,168.9,8.2,156.6,7.4,146.3,5.2,136.0,3.0,124.6,4.6,113.3,6.4
59,21,Female,21.5,166.8,21.0,118.6,31.9,,,,,,,112.3,19.0,,,118.2,10.4,130.3,18.4,102.6,8.6,104.5,13.0,81.0,11.7,74.5,9.2,75.6,7.2,68.5,5.1,71.8,6.2
60,51,Female,18.3,131.8,33.3,119.7,19.9,,,,,,,90.4,15.8,,,111.9,15.5,113.0,10.2,101.8,10.5,,,93.6,6.9,80.0,7.1,74.9,8.4,69.9,7.0,58.8,6.9
61,28,Male,0.0,304.1,18.9,268.9,22.8,,,239.8,10.7,,,,,,,214.9,10.5,202.8,7.4,189.9,10.9,177.1,9.2,164.2,4.5,153.4,4.7,,,130.7,5.2,,
62,53,Male,9.5,231.0,24.0,198.4,20.4,183.9,17.3,,,,,,,,,181.7,7.9,159.7,9.9,,,136.0,5.5,124.2,5.7,112.2,3.5,109.9,3.9,104.4,5.2,,
63,49,Male,15.0,200.2,18.8,178.0,20.5,,,,,170.1,22.1,,,,,,,132.6,11.7,123.5,7.9,137.7,8.0,114.8,5.3,112.7,6.6,117.4,3.7,95.9,8.7,,
64,55,Female,21.1,151.8,24.9,135.6,27.6,129.8,25.4,,,86.0,19.4,,,,,,,93.8,19.3,103.6,15.9,78.9,11.4,78.2,9.5,77.5,6.8,52.5,6.9,64.4,5.6,47.7,5.1
65,39,Male,15.7,231.4,19.5,231.7,17.3,,,205.8,24.6,,,,,,,,,141.5,15.2,116.9,14.9,131.1,9.3,,,126.1,4.1,124.4,3.8,92.1,5.9,102.1,9.3
66,59,Male,18.6,200.2,21.6,,,140.4,16.7,,,,,124.3,16.2,,,,,145.2,11.1,104.0,15.8,91.1,8.9,97.8,5.0,85.5,5.0,90.3,6.4,87.9,7.0,,
67,35,Male,30.6,161.1,29.0,153.8,19.9,,,,,,,109.6,15.8,128.5,20.0,99.5,19.6,94.0,14.1,112.8,16.9,83.3,11.5,102.4,11.2,78.8,7.2,,,66.3,7.7,62.7,9.0
68,28,Male,15.6,243.3,19.2,240.0,28.7,,,,,,,147.1,14.0,,,173.6,9.0,140.1,10.8,149.9,7.4,139.6,10.0,118.5,5.9,131.2,9.0,112.0,5.1,89.5,8.4,,
69,19,Male,13.0,218.0,33.0,199.0,26.5,,,,,,,,,,,149.7,17.1,167.8,13.0,166.4,10.0,137.6,6.8,145.8,5.0,122.9,5.4,,,120.0,6.8,95.0,7.9
70,32,Female,24.6,154.8,35.4,143.4,23.9,,,,,,,,,100.7,23.5,,,103.0,19.6,112.9,12.0,77.7,10.8,79.8,11.4,64.0,9.5,,,66.9,7.4,56.0,10.6
71,42,Male,15.0,205.4,28.1,177.4,30.0,,,170.9,19.8,,,,,,,,,,,119.4,8.1,162.5,6.4,123.1,7.3,134.8,6.1,,,104.9,8.8,90.1,10.5
72,22,Male,29.1,171.9,29.5,130.5,29.4,,,112.0,24.2,,,,,,,,,120.3,14.2,124.4,13.3,113.3,13.8,99.4,10.8,78.7,9.2,88.9,7.9,77.7,5.3,59.8,11.3
73,34,Male,33.7,151.4,33.1,146.5,26.7,,,,,,,107.2,16.1,116.4,13.6,120.8,17.4,102.0,15.1,90.8,17.7,82.0,12.9,87.3,10.5,71.7,6.1,66.0,4.3,70.3,9.3,,
74,35,Male,12.3,249.5,22.4,212.8,30.9,,,205.3,20.8,,,,,183.6,22.4,182.7,18.3,158.5,14.9,149.2,15.9,133.0,12.0,131.0,4.9,125.8,6.9,124.6,5.1,94.8,5.8,85.8,7.8
75,24,Male,22.7,171.1,26.7,214.9,29.2,,,,,,,,,,,,,133.1,12.5,112.5,15.7,112.1,10.1,,,91.9,9.9,,,88.0,6.4,90.9,5.4
76,25,Male,6.0,276.5,19.3,,,,,,,,,182.5,13.1,,,196.3,7.1,181.9,11.2,178.8,7.0,163.1,8.6,147.5,7.4,137.3,4.7,,,116.3,6.6,,
77,30,Male,7.5,265.9,23.2,230.8,17.2,231.2,16.9,,,205.7,10.4,198.3,10.9,,,201.6,13.8,177.3,8.2,172.0,12.5,150.2,8.7,142.8,7.9,131.2,5.3,124.8,5.3,111.7,6.7,106.0,6.3
78,18,Male,28.9,200.7,21.7,,,,,,,,,,,,,106.9,13.7,103.0,15.7,120.9,16.1,104.7,9.5,90.9,11.3,97.4,5.4,,,69.7,5.1,67.8,9.5
79,27,Male,32.3,167.5,38.6,,,,,,,112.9,22.7,112.2,18.9,,,,,,,112.6,8.1,91.4,13.1,107.9,5.4,77.3,7.9,,,87.1,7.8,66.0,5.1
80,53,Male,35.3,141.0,31.6,,,,,,,,,100.0,15.7,,,,,99.3,14.6,,,83.7,7.3,76.0,11.3,71.0,6.7,66.0,4.6,62.2,9.5,55.0,9.8
81,46,Female,1.1,221.9,26.1,196.6,13.3,,,,,,,,,170.8,8.5,168.0,14.6,152.5,12.4,144.4,12.0,133.0,8.3,114.8,6.9,119.9,5.7,,,104.8,4.9,,
82,39,Male,15.9,218.3,27.0,172.6,20.7,,,,,,,,,,,172.1,15.4,157.5,12.5,,,139.3,7.8,111.4,7.6,126.6,7.6,120.9,9.0,112.7,5.6,90.2,7.7
83,24,Male,16.0,248.1,25.2,,,,,,,,,168.0,16.8,,,,,155.6,17.8,136.4,9.4,126.7,8.7,124.3,10.1,123.9,5.0,100.8,5.0,93.7,8.1,,
84,31,Female,31.6,133.0,35.8,,,,,,,86.0,12.6,,,,,,,89.2,11.8,78.0,16.7,75.8,11.8,70.6,5.3,58.3,5.2,,,54.3,7.8,,
85,30,Female,15.2,193.7,19.9,161.7,27.3,,,,,130.5,17.9,,,,,,,130.3,16.2,,,116.6,8.5,98.5,8.9,99.4,6.6,80.9,8.1,80.8,5.4,,
86,51,Female,35.6,111.5,31.1,103.7,30.0,,,,,,,,,,,,,88.2,17.3,83.2,16.2,66.5,12.0,61.5,9.0,55.5,6.0,,,48.5,7.5,,
87,34,Male,14.5,247.7,20.0,212.8,19.2,,,,,,,,,,,186.6,10.6,178.8,15.3,155.8,11.0,155.7,11.5,132.1,5.6,113.3,7.3,123.0,4.0,93.7,4.6,,
88,29,Male,34.7,142.8,34.9,132.1,19.3,,,129.6,14.2,,,112.2,16.1,,,,,109.5,19.6,114.7,10.8,88.7,11.4,,,72.1,9.0,66.0,6.2,76.0,9.5,59.0,8.4
89,29,Male,15.8,215.4,20.0,,,,,,,,,,,,,,,169.7,16.9,132.2,7.6,136.5,9.6,125.8,4.9,123.5,4.7,,,115.0,7.2,100.9,7.1
90,26,Female,5.4,225.1,18.4,205.0,13.9,,,,,,,156.5,13.7,,,164.3,14.2,153.9,12.0,143.2,6.0,129.4,5.4,117.0,6.7,107.7,4.8,101.3,6.3,96.9,4.3,,
91,47,Male,14.8,234.5,21.6,194.1,20.9,,,,,,,,,,,,,157.1,15.8,130.7,10.0,104.3,10.7,,,126.8,7.9,97.5,6.8,102.4,7.5,,
92,58,Male,18.9,168.3,35.4,154.5,19.4,,,,,,,129.4,11.2,,,,,,,108.8,13.1,103.3,10.4,89.9,9.5,88.2,6.3,,,87.7,8.6,69.9,7.7
93,35,Male,34.8,177.0,22.4,125.2,31.6,,,,,,,,,,,,,97.3,14.8,88.0,10.5,94.1,11.2,90.3,7.1,71.0,7.0,,,73.9,8.0,57.8,6.3
94,28,Male,14.9,240.7,34.8,219.4,20.6,,,,,,,157.2,9.7,,,185.5,13.4,147.0,16.8,143.4,7.5,124.5,10.2,138.4,4.8,108.5,7.3,111.6,5.2,111.8,5.4,,
95,41,Female,32.6,111.5,34.5,,,,,,,85.0,21.3,96.1,15.1,,,,,81.0,12.6,82.6,9.4,66.5,11.8,,,65.4,5.3,59.3,4.4,48.5,5.1,45.0,11.9
96,21,Female,27.4,154.1,21.2,,,,,,,,,,,,,97.1,12.7,91.1,15.5,93.0,13.5,87.0,7.5,78.3,7.1,77.3,6.1,,,67.9,9.1,,
97,27,Female,8.3,209.5,15.7,,,180.5,17.7,169.5,10.3,,,,,165.4,15.0,156.4,10.5,145.1,11.6,134.5,6.9,125.9,8.0,118.7,6.4,105.4,3.3,97.2,6.1,92.5,5.3,,
98,32,Male,27.8,178.9,37.4,162.5,33.1,,,,,,,,,126.3,14.6,,,122.6,16.5,114.2,16.1,102.9,10.9,90.8,9.5,98.3,7.7,,,78.3,5.4,70.9,6.5
99,57,Male,35.4,140.8,23.2,124.5,25.0,,,111.0,20.3,,,100.0,18.6,,,,,94.0,15.6,88.0,12.1,82.0,14.6,76.0,7.1,71.0,6.2,66.0,8.4,60.5,8.4,,
100,57,Male,34.5,140.8,31.3,,,118.0,29.3,,,106.5,15.9,,,,,,,94.0,15.9,88.0,14.1,82.0,13.1,,,71.0,6.8,66.0,5.0,60.5,9.8,,
101,41,Female,24.6,180.7,26.1,,,,,,,,,118.1,11.1,,,,,81.1,17.2,94.8,11.7,93.0,8.6,111.0,8.1,72.1,9.4,,,60.7,6.2,57.6,8.7
102,53,Female,35.8,111.5,31.8,100.0,29.4,,,,,86.3,15.9,,,,,83.0,13.6,77.5,14.6,72.7,11.0,66.5,8.1,61.5,7.4,55.5,8.8,52.5,7.4,48.8,8.6,,
103,29,Male,32.2,209.5,26.7,167.7,19.9,,,,,,,,,,,,,106.7,11.4,93.3,9.6,82.0,14.3,80.1,10.9,79.8,6.4,77.1,7.2,82.6,6.7,55.0,7.5
104,28,Male,31.0,176.0,32.1,163.4,27.7,119.3,22.2,,,,,,,,,,,99.7,10.3,100.7,15.2,,,108.8,9.1,84.5,8.0,70.1,7.4,71.6,7.9,,
105,29,Male,28.1,183.5,22.8,,,,,,,,,123.6,13.4,,,135.9,17.5,109.4,13.2,101.3,17.6,97.5,9.6,89.6,9.7,93.4,5.7,,,65.6,7.5,70.1,6.6
106,28,Female,21.5,156.5,22.8,,,,,,,,,,,,,,,111.6,13.0,116.2,14.8,114.4,7.4,91.2,10.9,81.1,8.7,82.6,4.8,66.7,5.7,,
107,18,Male,24.0,194.0,26.4,166.2,20.0,,,164.6,24.8,,,,,,,,,136.6,13.7,119.5,8.0,111.4,11.7,101.4,5.3,97.8,4.3,,,92.2,5.8,85.4,5.2
108,59,Male,15.4,186.8,23.8,161.8,18.6,,,,,,,,,,,99.5,18.5,117.3,14.5,,,97.7,7.5,93.9,10.6,86.4,6.5,90.8,8.6,92.0,7.6,82.2,6.6
109,26,Male,2.1,290.6,17.3,268.9,23.4,,,232.7,18.7,,,210.8,7.2,,,214.9,10.7,203.0,13.9,177.5,10.6,170.9,8.7,161.6,4.7,145.5,7.0,,,130.3,4.7,,
110,58,Female,35.8,111.5,24.4,,,94.5,21.0,,,,,,,,,,,77.5,19.3,,,66.5,8.8,61.5,5.3,55.5,7.5,,,48.5,8.6,45.9,6.8
111,54,Male,5.2,241.3,15.3,213.3,24.2,,,190.2,9.8,,,,,,,170.5,8.4,161.1,12.6,150.8,8.9,140.5,9.0,130.2,6.4,121.7,3.8,,,103.7,6.7,94.2,6.5
112,57,Male,27.9,151.0,22.3,,,,,,,116.3,19.1,,,,,,,94.0,14.3,89.3,8.4,104.9,8.3,76.0,5.6,71.0,4.7,66.0,9.7,61.2,9.8,58.9,6.5
113,52,Female,22.3,121.4,24.8,127.1,18.6,94.5,25.4,,,,,116.9,17.3,,,,,85.7,15.6,78.0,12.3,89.2,13.8,85.4,10.2,75.7,9.5,,,68.6,6.4,70.7,8.0
114,35,Male,19.2,200.3,23.6,187.1,31.0,,,,,,,,,169.0,15.7,,,120.9,12.4,142.6,12.1,,,107.3,8.7,113.5,6.7,,,82.5,8.3,,
115,50,Female,2.0,210.3,14.5,188.6,19.6,,,,,,,150.9,8.9,,,156.5,13.6,146.2,13.6,134.8,7.8,125.4,9.2,116.0,3.6,104.7,3.3,99.0,3.4,91.5,5.2,84.9,7.2
116,34,Female,3.7,235.7,22.9,197.6,16.1,193.5,11.5,176.4,18.6,,,,,178.1,15.7,174.7,12.8,154.1,7.9,146.9,6.4,137.5,8.6,123.0,6.7,113.7,3.5,104.4,5.8,93.4,3.5,,
117,21,Female,15.7,161.0,28.6,181.0,18.9,,,,,,,137.8,15.6,,,,,120.4,16.4,134.2,9.9,120.5,10.4,92.2,10.6,88.7,8.3,73.6,5.3,78.8,7.0,,
118,32,Female,2.0,233.7,17.7,209.6,13.2,,,186.5,18.4,178.1,17.1,167.6,10.2,183.4,14.1,173.9,13.2,,,149.8,6.8,139.4,5.0,128.9,8.0,116.3,4.3,110.0,3.7,101.6,4.7,94.3,6.9
119,53,Male,0.7,258.0,20.3,224.5,23.3,,,,,,,,,,,186.3,8.1,178.7,10.3,162.5,10.0,153.6,5.5,144.2,6.1,130.8,6.2,128.4,6.0,111.9,5.8,,
120,58,Male,16.8,195.0,33.8,166.9,21.4,,,,,,,129.6,17.5,,,122.4,9.9,119.1,11.9,110.2,11.5,129.8,10.9,107.7,9.3,91.9,3.7,82.6,4.6,76.9,6.8,,
121,49,Male,14.8,233.2,18.0,,,,,140.8,19.0,,,,,,,156.5,10.6,153.3,17.6,141.1,13.7,116.6,10.3,95.1,5.5,115.0,5.8,93.8,7.0,96.4,5.2,77.4,9.1
122,27,Male,2.5,299.0,23.0,253.8,13.4,,,228.7,18.9,216.2,13.5,,,,,212.0,9.6,198.6,9.8,186.6,8.0,,,151.8,6.7,148.3,3.9,,,119.5,4.8,,
123,38,Male,15.3,236.1,29.7,193.4,17.5,,,,,,,,,178.1,19.6,,,156.5,16.6,160.5,12.8,143.7,11.1,125.3,10.3,114.8,6.9,,,103.1,8.4,,
124,27,Female,17.2,186.1,32.2,126.4,19.3,,,,,133.3,19.1,139.8,12.2,,,136.1,13.0,112.2,10.0,104.6,11.4,95.4,8.9,104.5,5.5,90.3,4.9,69.8,8.8,90.2,6.0,75.6,8.0
125,34,Female,0.1,240.0,26.4,207.7,22.0,,,,,,,,,,,164.2,8.6,167.4,11.8,146.3,6.5,140.7,5.5,127.7,6.6,117.0,5.2,,,99.7,5.3,97.2,5.5
126,50,Male,8.6,245.9,23.8,218.8,12.7,,,,,,,177.0,8.2,171.3,16.1,166.3,13.2,164.1,8.5,152.3,11.6,137.6,7.7,129.8,5.9,120.6,3.1,110.3,4.7,100.8,3.6,,
127,48,Male,22.8,178.1,28.3,148.7,21.3,,,,,,,,,,,,,120.5,16.4,115.1,14.0,115.0,13.2,91.9,8.2,96.7,5.9,,,81.2,7.6,65.4,6.6
128,44,Male,32.5,183.5,35.3,135.0,31.6,121.2,25.4,,,,,100.0,19.6,,,,,94.0,17.6,95.9,8.6,89.5,9.1,82.5,10.0,71.0,6.9,,,67.4,9.8,,
129,24,Female,0.5,240.8,24.0,215.7,19.9,,,,,,,,,189.0,13.1,179.3,11.6,167.4,9.3,151.6,10.8,142.8,6.9,130.8,3.6,119.9,4.7,111.8,6.3,104.8,5.0,,
130,58,Female,21.1,137.7,27.9,138.2,22.8,127.8,21.9,,,,,115.2,18.7,,,,,106.5,17.6,91.5,10.5,81.0,8.5,74.7,6.9,73.1,7.4,,,67.6,7.2,55.8,8.3
131,37,Female,1.8,228.4,14.2,211.6,14.2,,,,,181.0,10.7,,,188.6,17.0,173.6,11.5,161.3,8.9,153.8,11.5,139.0,6.9,130.6,4.5,115.6,6.3,,,101.6,6.7,,
132,48,Male,18.3,203.8,24.3,176.3,18.2,,,,,,,156.5,17.7,,,,,120.5,12.0,134.7,7.8,123.9,8.5,113.8,6.3,100.3,8.1,,,89.4,5.8,,
133,57,Male,11.2,218.5,25.9,194.6,23.7,181.6,16.8,,,,,,,,,,,138.3,16.7,132.1,14.8,115.7,6.5,108.2,4.6,103.0,7.0,99.5,8.4,83.2,7.7,82.0,8.1
134,18,Female,12.5,205.5,29.3,168.6,17.7,,,144.6,19.7,,,,,,,,,140.2,10.6,122.7,14.1,123.2,10.8,114.3,4.9,95.4,7.3,95.4,3.8,73.5,7.6,60.4,9.3
135,27,Male,23.3,205.7,36.8,169.4,28.9,172.5,28.6,,,,,143.5,14.1,,,153.3,11.6,149.6,16.3,113.9,16.7,105.7,10.9,102.4,5.2,94.4,7.3,,,88.1,6.5,,
136,39,Male,6.1,279.2,25.0,247.1,19.2,,,217.6,11.4,,,,,,,199.4,7.8,197.1,11.9,165.4,7.9,162.9,10.1,150.3,4.3,133.8,3.1,,,112.2,4.9,106.4,8.3
137,49,Male,26.7,184.8,22.7,147.9,32.6,,,,,,,,,,,,,113.4,10.7,114.6,15.9,85.6,10.5,100.7,11.1,72.9,4.7,,,66.1,7.5,,
138,25,Male,27.4,180.3,29.0,,,,,,,,,,,,,,,109.9,19.4,,,98.3,12.3,112.3,11.1,88.0,9.2,,,76.5,6.2,,
139,19,Male,23.6,199.4,24.4,192.7,20.4,,,,,,,,,,,145.1,10.6,130.9,12.6,131.2,12.1,115.1,11.8,116.9,9.3,97.5,8.1,,,81.8,7.3,,
140,21,Male,17.6,212.9,21.5,187.9,30.7,,,,,,,163.7,9.1,,,,,143.0,11.4,136.7,7.5,144.1,8.2,127.3,7.9,116.5,4.3,101.1,6.6,100.1,8.3,,
141,21,Female,18.6,179.8,34.5,,,,,144.8,19.2,,,,,,,,,107.3,13.8,119.1,11.0,118.5,9.6,111.0,7.7,75.7,5.0,,,78.4,6.8,77.8,6.7
142,50,Female,23.8,165.5,35.9,116.8,24.5,,,,,,,,,,,100.5,15.0,77.5,16.5,117.1,9.8,72.3,9.2,77.5,11.1,75.7,6.7,54.5,6.5,65.7,6.4,,
143,45,Male,28.4,166.9,24.7,135.8,27.0,,,,,,,,,,,,,104.9,13.9,103.1,8.3,102.2,14.9,89.5,5.4,84.6,7.7,77.5,8.1,75.8,5.6,,
144,52,Female,12.0,150.9,21.0,141.2,20.3,154.6,18.6,158.8,21.0,,,,,,,,,117.8,12.1,109.7,13.5,92.3,13.3,83.0,9.4,84.8,5.7,79.6,3.9,76.8,6.1,79.5,8.3
145,52,Male,5.7,243.4,16.0,212.3,16.0,,,,,184.3,16.7,,,180.1,11.3,171.8,15.2,165.3,9.2,149.8,8.7,145.4,6.4,130.3,5.9,124.7,4.0,114.7,5.0,105.6,3.7,,
146,44,Male,12.3,190.8,25.6,,,,,177.6,20.9,,,,,195.5,17.2,,,171.5,10.4,138.1,8.5,127.3,11.7,116.7,6.5,105.5,8.1,99.8,8.8,107.0,6.4,,
147,18,Female,22.8,174.0,39.0,139.3,28.4,,,,,,,,,,,,,99.7,12.4,122.4,13.1,91.8,11.4,85.7,11.1,84.3,8.0,,,70.6,7.6,,
148,33,Female,6.3,211.5,20.6,206.4,22.6,,,,,166.8,14.5,,,,,,,,,,,129.0,7.5,122.0,3.7,108.9,3.4,103.2,3.8,97.7,4.4,,
149,52,Male,15.5,200.2,20.3,,,156.3,22.4,,,,,,,,,,,145.4,11.2,127.8,14.9,119.9,11.9,103.0,5.5,109.7,4.3,,,79.8,7.9,,
150,46,Male,23.9,170.7,20.2,178.8,24.6,,,,,,,126.2,21.2,,,,,103.4,14.2,133.3,11.0,102.2,7.5,122.3,10.9,100.0,8.7,,,81.4,5.2,,
151,59,Male,15.0,168.0,21.1,183.3,22.2,159.4,20.7,,,,,,,120.7,22.3,,,132.7,18.0,129.3,11.8,113.9,6.9,111.2,7.9,101.0,5.9,,,62.6,8.6,,
152,22,Female,1.8,233.4,22.4,213.7,14.0,197.1,13.4,187.1,19.2,178.2,13.5,,,184.8,12.5,171.2,10.4,,,149.2,12.6,138.8,8.4,130.0,7.9,116.7,5.9,111.0,7.0,102.3,4.2,94.6,3.7
153,30,Female,23.0,141.3,29.9,136.9,31.3,,,,,,,,,,,,,107.4,11.8,85.1,9.5,93.1,11.9,93.5,5.2,71.9,8.4,,,66.8,9.8,61.8,11.3
154,30,Female,10.7,170.8,21.7,174.0,19.2,,,172.4,15.9,,,,,,,,,126.5,13.0,,,114.9,9.1,114.8,6.6,100.5,8.1,,,88.8,8.2,,
155,33,Male,29.0,196.1,27.5,172.6,30.7,,,,,,,122.5,10.2,,,,,97.9,12.8,105.2,10.8,101.1,11.7,95.5,10.5,98.0,6.3,66.0,8.6,76.0,6.3,,
156,38,Male,32.4,140.8,31.8,130.9,18.4,,,,,,,119.9,16.3,,,128.3,15.7,103.4,13.4,88.0,15.2,82.6,8.3,92.9,5.7,84.2,6.1,84.1,7.2,64.9,7.1,74.1,6.6
157,23,Male,12.1,272.5,34.9,,,,,191.4,23.9,,,,,,,165.6,13.0,143.0,17.0,165.8,9.6,158.8,11.5,133.6,7.6,114.5,7.2,,,124.5,8.6,,
158,52,Male,3.9,252.8,20.5,228.2,12.9,203.7,13.0,194.6,9.4,,,,,,,171.7,14.1,168.9,7.1,157.5,11.1,143.8,7.7,139.5,4.2,125.7,5.8,,,104.3,6.6,96.2,5.3
159,35,Male,29.6,181.4,36.3,,,,,,,,,,,139.2,20.7,124.1,20.1,,,93.6,17.9,100.2,14.3,80.1,11.7,88.3,7.3,91.0,8.4,76.0,7.7,66.6,7.8
160,33,Female,1.3,240.8,15.0,203.5,22.1,,,,,,,,,,,179.3,7.6,167.4,10.3,149.6,9.1,121.5,7.9,115.6,6.0,119.9,5.3,110.8,4.9,104.8,5.6,,
161,20,Male,9.4,260.5,14.2,231.4,19.7,,,206.4,18.5,,,,,,,188.5,13.3,177.9,7.6,,,154.0,9.0,140.3,5.0,133.3,3.5,120.6,3.8,111.3,5.8,,
162,39,Male,33.1,140.8,36.1,158.7,22.3,,,,,113.3,19.7,,,,,134.1,10.9,109.0,13.6,88.0,17.0,83.5,7.2,91.3,9.0,75.2,9.9,66.0,7.9,72.1,8.0,,
163,24,Male,13.4,285.8,31.1,240.1,22.3,,,198.2,15.4,,,,,,,,,129.6,9.2,156.0,13.0,,,125.4,7.7,115.3,7.6,119.2,8.2,104.7,7.9,,
164,21,Male,26.4,172.8,35.0,133.9,24.0,,,135.1,22.2,,,104.5,11.5,,,,,106.2,19.4,116.3,13.9,110.7,10.3,101.3,9.9,95.3,5.5,76.0,7.6,83.7,5.3,,
165,53,Male,0.4,257.0,19.2,227.1,24.1,250.9,16.9,201.8,12.0,,,,,207.8,9.8,202.2,15.3,179.9,7.5,168.4,10.4,159.0,7.9,139.3,7.3,137.5,6.0,118.8,3.9,110.0,4.3,,
166,38,Female,23.2,136.9,36.7,,,,,,,,,129.5,21.5,,,,,96.9,12.6,84.6,12.9,,,72.9,10.9,67.9,5.6,76.0,7.7,66.6,7.1,48.3,11.0
167,57,Male,15.7,148.1,30.5,200.7,18.3,152.2,20.8,,,,,,,138.9,15.1,,,112.8,13.4,128.6,10.9,129.1,6.6,117.5,9.9,103.3,7.0,104.4,6.7,95.7,8.2,55.0,10.5
168,40,Female,31.6,116.8,39.2,128.5,29.2,,,,,100.0,20.9,,,,,,,92.1,12.6,86.9,11.9,66.5,11.4,65.7,9.5,64.8,9.9,,,49.7,8.5,,
169,59,Female,26.1,140.7,28.0,,,101.4,15.2,,,,,,,,,86.1,20.9,,,71.5,16.4,66.5,12.9,61.5,11.8,55.5,4.6,54.6,9.1,54.5,5.2,,
170,21,Male,24.8,194.5,33.1,157.9,30.8,,,,,,,134.5,21.7,,,,,126.7,17.3,144.3,10.8,123.2,13.6,102.3,5.6,106.5,8.2,99.2,5.1,76.3,5.1,,
171,41,Female,8.1,228.5,26.8,173.3,23.4,,,169.2,15.2,,,141.0,12.1,,,159.8,11.9,136.8,9.1,140.9,12.0,131.0,8.8,120.9,5.5,99.2,5.0,95.4,2.9,95.2,6.6,87.1,3.5
172,46,Female,2.1,226.0,14.1,199.9,21.0,,,,,,,,,181.7,10.3,163.8,7.9,151.7,11.1,141.3,5.7,131.1,5.8,120.2,7.6,110.5,3.6,,,96.1,4.0,,
173,55,Female,15.8,138.2,18.3,132.4,22.0,,,,,,,,,,,,,,,85.7,8.8,,,83.6,4.8,90.7,6.3,61.6,4.3,69.8,7.2,54.2,4.6
174,43,Male,35.5,150.1,31.3,,,,,113.6,23.8,,,,,,,116.6,13.0,94.4,15.7,88.0,18.0,,,76.0,5.5,71.0,9.2,66.0,4.0,60.6,7.9,60.6,9.6
175,36,Female,12.0,185.8,32.1,182.3,19.8,,,159.6,12.2,,,,,,,,,113.5,15.5,136.4,13.5,131.0,13.3,119.3,8.7,100.9,3.7,86.6,4.2,79.5,4.9,,
176,20,Male,30.0,167.7,31.9,124.5,22.0,,,,,,,,,,,,,101.9,17.7,101.1,16.7,100.7,7.2,98.5,8.2,91.8,6.4,,,77.3,6.7,64.2,9.6
177,44,Female,17.1,161.7,24.8,165.5,23.7,,,,,,,,,,,,,112.9,16.9,137.5,8.1,86.0,10.5,116.8,6.8,85.7,4.5,,,75.4,5.7,,
178,31,Male,6.4,277.9,23.9,254.8,16.2,231.9,11.0,,,,,,,,,196.3,14.7,186.7,9.9,171.9,9.5,164.2,6.9,154.3,4.9,134.9,4.5,,,115.8,6.0,,
179,52,Male,15.9,208.7,31.4,196.3,27.5,,,,,168.8,13.8,,,,,,,148.9,16.6,133.9,9.7,118.4,10.7,101.1,8.2,94.6,6.9,97.8,5.7,85.0,5.3,80.2,6.4
180,31,Male,15.2,225.8,29.6,213.0,25.7,,,,,,,,,,,,,143.8,17.2,151.1,8.4,130.8,8.1,128.9,6.4,108.9,6.2,105.1,6.7,98.9,7.9,,
181,38,Male,8.4,266.0,20.4,235.2,22.9,,,,,,,,,,,188.0,7.2,177.6,12.9,166.3,10.4,154.9,9.0,143.6,8.3,134.1,3.8,124.7,6.5,114.3,6.7,,
182,28,Female,20.7,171.5,39.1,146.0,18.1,,,,,,,,,,,125.7,19.0,114.9,11.2,114.6,15.9,105.5,7.3,90.2,6.3,62.6,5.3,,,79.0,6.9,,
183,45,Male,33.2,147.5,32.4,,,,,,,,,130.3,20.6,,,,,94.0,13.4,88.0,17.2,82.0,13.0,76.0,9.2,71.0,7.1,,,60.5,9.4,,
184,28,Male,0.4,297.6,14.1,262.2,20.8,,,235.2,8.9,,,,,,,207.1,12.7,199.6,9.2,,,174.8,5.4,159.4,5.2,153.4,5.8,,,130.7,6.3,118.4,5.7
185,25,Male,19.1,222.6,22.9,178.2,29.7,,,,,,,,,,,170.2,14.4,186.2,12.6,140.4,15.2,,,131.6,9.3,105.6,8.7,101.6,8.3,80.2,8.5,,
186,21,Male,30.8,190.8,33.9,133.9,30.8,,,,,,,,,,,,,109.2,16.8,108.4,13.1,96.5,11.9,103.4,7.3,80.3,9.7,,,60.8,7.2,55.1,7.7
187,32,Male,30.4,141.5,34.2,,,,,,,,,151.3,21.7,,,,,94.0,14.2,107.7,13.9,103.9,9.5,90.8,7.1,71.0,5.0,,,81.6,5.4,61.5,9.4
188,19,Male,0.7,304.1,25.3,257.7,17.0,,,,,,,,,,,209.9,10.2,,,,,177.1,6.2,151.4,5.8,153.4,5.3,141.3,3.0,130.7,6.0,,
189,39,Female,25.1,147.9,33.9,,,,,,,,,124.9,14.1,,,,,108.8,18.8,92.2,14.9,92.0,11.5,,,80.3,9.4,,,66.8,6.4,,
190,24,Male,29.6,164.6,37.3,152.0,22.2,,,,,133.5,14.4,108.6,13.3,,,,,103.5,11.2,,,106.8,11.7,90.6,6.7,94.0,7.1,75.6,5.3,71.7,8.7,,
191,40,Male,32.0,141.7,27.9,142.4,29.2,,,,,,,125.9,17.4,,,,,126.5,14.8,105.5,8.5,88.3,9.5,83.1,11.2,82.4,5.8,86.3,7.1,63.9,5.0,,
192,59,Male,3.6,230.0,24.8,210.2,23.9,,,183.8,13.9,,,,,173.7,10.0,,,155.8,7.2,145.5,9.7,136.1,7.5,125.1,8.2,114.7,3.4,110.1,6.4,101.1,5.1,90.5,7.2
193,53,Female,14.7,143.4,20.0,145.8,17.1,,,,,,,,,,,107.9,9.6,100.5,16.6,115.2,7.5,92.0,10.8,,,85.9,8.6,,,59.5,6.0,,
194,54,Male,35.5,140.8,35.7,124.5,30.0,,,,,,,,,,,,,98.9,19.0,,,82.0,11.9,76.8,10.2,71.0,6.3,66.0,6.9,60.5,7.3,,
195,24,Male,26.4,183.5,36.2,,,,,,,,,,,115.7,15.6,,,122.9,12.4,95.9,11.2,100.0,8.3,109.2,8.3,87.6,5.7,,,64.2,9.2,,
196,27,Male,14.4,245.1,33.0,,,,,180.7,19.7,,,,,160.6,18.0,,,,,128.7,10.8,122.3,7.4,134.1,8.9,117.5,7.5,103.4,5.9,105.6,6.5,,
197,40,Male,0.8,300.2,20.3,261.3,16.8,,,,,,,,,,,214.9,12.7,196.0,9.5,183.0,6.6,173.3,5.7,151.8,4.5,153.4,4.5,,,123.4,4.9,113.8,5.7
198,55,Male,10.9,208.3,32.4,198.7,26.2,,,187.0,20.8,,,,,,,,,155.9,13.1,,,115.0,12.7,144.2,5.8,95.6,7.1,,,98.0,5.0,,
199,55,Male,22.9,179.8,23.4,137.7,24.7,127.6,20.1,,,,,,,,,,,102.5,17.0,102.1,10.2,,,88.4,7.8,89.2,8.9,82.1,7.8,78.7,7.0,,
200,20,Female,22.3,168.0,32.1,158.5,18.8,,,,,,,,,,,99.3,19.2,,,84.3,17.0,97.4,11.5,82.1,8.9,72.0,5.3,,,65.1,6.0,,
201,24,Male,14.0,235.6,31.5,,,,,201.3,23.2,,,,,,,,,142.1,17.3,153.4,7.3,143.1,9.0,133.3,6.4,124.1,6.8,118.5,8.7,105.9,4.9,97.3,7.0
202,52,Male,14.3,218.8,30.6,204.9,29.0,194.2,15.9,,,,,,,,,,,142.9,10.4,123.8,12.9,117.6,8.9,116.4,9.5,124.0,6.4,107.4,4.0,88.7,7.6,,
203,22,Male,32.9,145.8,35.6,,,,,,,,,,,,,,,94.9,17.5,91.1,14.3,114.5,14.4,83.9,8.6,75.9,7.6,,,62.3,5.5,,
204,51,Male,21.2,208.8,20.8,163.0,25.8,154.8,20.4,,,,,,,,,,,125.1,13.0,121.3,13.7,116.4,9.7,81.0,5.3,79.6,8.9,78.7,7.0,70.8,5.0,,
205,30,Male,4.8,290.0,25.3,257.4,22.1,247.9,16.1,229.4,9.2,,,,,210.1,12.6,214.4,8.7,191.5,13.5,181.7,8.6,168.5,8.4,155.2,5.3,141.1,4.9,,,122.0,7.0,111.5,6.3
206,28,Male,30.6,154.2,29.4,139.8,28.5,,,,,,,122.8,21.1,,,,,97.0,20.0,96.2,13.8,88.9,10.9,77.4,10.1,71.0,8.4,78.5,6.8,60.5,8.8,68.6,11.5
207,56,Male,30.3,140.8,20.2,128.6,20.6,,,,,,,100.0,13.2,,,,,94.0,17.8,88.0,8.1,88.8,13.3,89.0,7.7,71.0,9.1,,,64.8,7.5,55.0,11.8
208,48,Female,14.7,199.1,35.2,150.1,29.4,,,,,,,,,,,135.7,11.2,120.1,9.9,106.7,11.4,97.8,13.2,98.9,6.7,94.2,8.5,,,75.6,6.1,,
209,44,Male,23.6,201.6,31.3,157.1,18.2,155.0,18.7,,,,,127.1,12.5,,,,,,,114.2,16.6,82.0,7.9,83.4,10.4,96.2,4.6,103.6,5.8,85.5,6.6,,
210,50,Male,11.8,254.7,33.9,192.2,19.0,,,174.3,21.9,207.7,21.8,,,,,,,162.9,17.8,142.6,12.6,131.6,12.0,114.1,10.6,114.6,7.7,,,92.8,8.7,,
211,46,Male,23.0,192.0,33.4,198.5,31.9,,,,,,,136.2,19.4,,,,,133.5,11.7,131.9,15.7,110.9,13.7,100.1,8.2,109.5,8.2,,,77.9,9.4,,
212,45,Male,1.3,304.1,20.6,226.6,19.9,250.3,20.2,,,,,,,,,200.6,13.4,183.6,8.0,167.6,8.6,169.2,9.1,,,147.6,4.5,,,121.9,3.8,,
213,18,Male,4.8,277.7,18.9,251.1,19.1,239.4,16.7,,,,,200.6,11.8,212.8,13.8,204.0,12.4,184.6,12.6,174.3,8.0,159.0,9.9,151.1,6.0,142.1,2.9,,,120.3,4.4,,
214,30,Male,28.5,140.8,37.9,153.3,30.1,,,,,,,,,,,,,101.8,12.4,98.2,13.8,89.3,12.7,97.1,10.6,78.3,4.6,,,74.5,9.2,79.2,8.9
215,28,Female,26.6,169.9,33.9,146.0,20.2,,,,,,,,,,,,,102.8,17.4,89.2,15.6,90.5,10.2,96.4,7.4,72.7,6.3,,,87.0,6.1,,
216,45,Male,16.1,240.5,20.6,177.2,19.9,217.3,17.6,198.0,12.3,,,140.4,12.9,,,,,139.0,16.8,140.2,10.3,127.7,11.1,122.7,8.9,116.8,8.2,108.9,8.9,101.1,6.2,,
217,56,Female,31.8,111.5,34.8,,,94.5,28.6,,,,,87.1,20.4,,,83.4,15.3,,,71.5,12.6,73.3,14.5,65.8,8.9,55.5,9.5,59.6,8.1,50.8,6.7,,
218,45,Male,5.0,270.9,16.2,227.3,17.0,,,,,,,,,,,180.7,7.2,190.1,11.5,174.3,10.8,154.3,10.4,132.5,7.8,127.0,4.5,,,107.2,6.3,100.8,5.4
219,27,Male,22.4,180.7,32.5,176.8,28.9,,,,,,,156.3,12.4,,,123.9,18.8,155.6,11.5,116.6,17.1,112.0,13.4,124.2,11.8,100.6,7.7,,,69.0,6.2,,
220,46,Male,0.9,282.9,23.9,251.1,14.8,,,,,,,,,208.6,17.0,200.3,7.7,187.7,10.4,175.3,7.5,165.0,8.8,153.2,6.1,140.8,5.2,133.5,3.0,123.4,4.2,111.3,7.7
221,46,Male,14.1,213.5,35.0,205.8,30.4,209.9,19.5,,,,,,,,,162.1,15.0,158.7,16.8,153.6,13.8,121.8,10.8,103.8,9.8,117.6,4.3,112.0,3.7,99.3,4.8,97.1,9.2
222,52,Male,0.2,292.2,20.1,241.8,20.7,201.6,11.8,,,214.1,13.4,,,,,154.3,13.7,189.0,10.2,164.6,6.9,150.0,9.9,130.9,3.6,139.6,5.5,128.0,3.6,109.1,4.2,,
223,38,Male,7.4,290.8,19.0,238.7,22.1,220.2,15.8,217.5,13.0,,,,,,,189.0,7.9,174.3,7.1,170.4,6.9,158.7,5.1,150.1,7.8,137.9,4.8,120.9,5.3,119.3,3.5,,
224,38,Female,27.2,115.2,36.8,100.0,28.0,,,,,,,,,,,95.3,16.2,103.1,16.0,100.1,9.4,82.7,7.8,75.7,6.9,74.5,4.4,73.6,5.9,73.2,8.8,54.1,8.7
225,54,Male,31.4,140.8,37.5,,,,,120.4,23.8,,,107.4,17.3,,,,,94.0,15.1,88.0,11.0,82.0,11.2,76.0,9.7,72.3,5.6,,,63.5,9.3,65.1,6.8
226,50,Male,4.8,261.1,16.2,216.0,17.0,,,199.3,13.3,,,,,,,184.4,9.2,168.7,7.6,160.4,11.0,149.6,9.3,147.1,6.3,132.2,5.9,,,110.2,5.6,,
227,18,Male,18.1,229.9,30.6,202.1,26.1,,,,,,,147.8,10.8,,,,,161.5,11.7,146.6,10.1,140.8,9.1,101.0,7.6,122.4,4.4,101.2,6.5,113.7,6.3,103.6,7.7
228,54,Male,28.9,140.8,34.4,149.7,33.7,,,131.2,12.8,,,119.5,18.8,115.4,20.8,,,94.0,12.1,108.5,17.4,82.0,14.3,76.0,10.6,71.0,7.8,66.0,8.7,60.5,8.2,,
229,27,Male,13.1,263.0,34.6,230.9,24.1,,,151.0,12.4,,,,,,,,,161.0,17.3,146.4,8.3,,,137.7,6.6,139.0,4.1,104.4,6.0,95.0,8.6,,
230,26,Male,2.3,285.5,25.5,257.5,18.2,,,227.9,16.5,,,,,,,,,194.5,9.5,181.7,11.1,,,154.9,5.7,147.8,6.4,133.5,5.3,126.8,6.8,111.7,6.0
231,31,Male,27.3,161.7,39.2,,,151.8,15.0,,,,,,,123.4,14.6,118.0,19.1,130.7,17.6,,,,,107.1,6.7,96.1,8.3,83.7,6.2,85.0,8.0,,
232,55,Male,9.5,189.3,14.8,212.0,14.1,204.9,11.6,,,,,161.2,11.5,167.9,10.6,152.0,9.3,168.6,10.9,136.2,10.8,,,106.5,4.2,99.7,3.9,107.4,6.1,81.9,4.1,,
233,58,Male,27.5,140.8,38.8,,,,,,,,,,,,,,,94.0,15.2,88.0,13.4,89.0,7.1,90.7,7.9,75.3,6.3,,,67.1,8.6,,
234,32,Male,30.0,181.3,36.9,,,,,128.1,24.2,,,,,150.5,19.1,121.1,18.8,122.5,13.2,88.0,10.0,99.0,12.4,76.0,11.6,86.9,8.4,95.8,9.6,70.4,5.6,76.3,8.4
235,30,Male,24.2,162.5,34.5,182.1,27.4,,,,,,,,,,,,,116.6,13.7,120.0,15.6,102.3,8.9,110.9,6.7,93.0,6.2,,,88.2,7.8,73.7,7.1
236,25,Male,7.6,267.2,27.8,241.4,16.6,,,,,,,,,201.9,10.1,193.7,7.6,179.4,9.1,168.8,7.9,159.3,9.5,146.4,3.8,137.8,6.7,128.2,3.0,117.9,4.6,105.6,4.9
237,41,Male,7.3,266.1,22.1,243.9,19.9,,,,,,,191.3,13.3,,,188.2,12.9,178.3,13.2,170.2,7.2,156.7,7.9,145.4,4.1,134.0,2.8,125.1,6.3,113.4,5.0,105.1,5.6
238,59,Male,1.2,241.8,25.1,205.1,21.3,,,,,,,,,,,168.4,10.4,158.9,10.7,157.5,7.4,139.7,6.2,130.8,7.0,130.2,3.2,117.1,3.6,111.9,4.2,,
239,56,Male,0.3,256.0,20.7,224.4,18.7,,,,,,,,,190.2,12.0,178.3,13.5,168.5,9.5,159.5,7.6,147.2,10.2,136.2,4.2,125.4,5.9,118.7,5.4,110.9,5.1,100.8,4.1
240,45,Female,17.1,182.8,23.0,,,,,,,,,117.3,14.9,,,,,121.2,10.5,114.3,9.7,97.7,10.5,89.9,8.5,82.9,3.6,76.5,6.3,75.6,8.7,,
241,33,Male,1.4,287.0,25.2,262.7,18.4,,,,,229.7,15.5,,,214.0,17.3,198.2,7.2,194.4,9.2,,,,,157.8,7.6,153.1,6.3,,,123.4,6.3,116.5,4.1
242,44,Male,31.7,163.7,29.4,170.6,29.4,,,,,,,111.2,12.5,,,,,95.2,15.9,102.7,11.8,90.4,9.5,80.0,5.1,71.0,7.5,,,68.1,6.6,,
243,35,Male,21.8,198.0,36.4,168.0,22.7,195.2,19.8,,,,,146.9,12.9,145.0,17.6,,,125.5,12.2,135.4,12.5,90.8,12.3,126.0,8.0,115.5,9.1,102.0,5.6,90.5,6.7,79.9,6.5
244,18,Male,13.6,236.0,33.1,,,,,,,,,,,,,168.9,15.8,152.7,17.8,147.1,15.9,139.8,6.9,,,122.0,5.9,,,98.8,4.6,,
245,29,Male,2.6,304.1,15.5,248.2,20.4,251.9,20.9,226.0,12.8,,,,,,,202.0,14.7,202.8,7.0,189.3,9.0,174.4,7.0,158.0,4.1,144.7,6.7,,,130.3,4.9,118.8,4.4
246,45,Male,2.3,274.5,27.5,255.3,23.3,241.2,18.4,219.2,18.2,213.0,14.0,,,213.5,8.9,200.5,11.4,180.7,8.3,180.1,5.6,161.3,7.8,,,136.1,5.6,128.8,3.8,125.6,5.0,,
247,45,Female,15.6,194.6,24.9,,,,,,,,,,,,,,,124.7,12.0,122.2,13.0,,,73.8,4.5,96.2,7.4,,,68.2,7.8,60.4,6.0
248,55,Male,18.5,163.3,35.8,156.3,18.6,126.3,15.7,,,,,,,164.3,22.5,,,113.7,10.4,115.5,7.5,128.5,8.6,106.4,6.5,94.0,8.3,,,72.2,7.6,87.2,5.0
249,19,Female,1.4,240.8,20.6,216.0,15.1,,,,,,,,,183.3,11.4,173.3,10.7,165.5,8.2,150.0,6.0,141.2,8.7,130.2,3.7,113.8,3.3,113.4,5.1,102.4,6.8,88.8,7.4
250,32,Female,33.1,135.8,26.2,100.0,29.9,,,,,,,96.4,15.0,,,105.9,21.4,77.5,19.7,81.2,9.7,80.0,14.1,,,72.4,6.7,,,52.9,6.1,45.9,8.8
251,34,Male,15.6,248.8,26.9,220.9,21.4,,,184.0,19.3,,,167.5,10.9,,,,,143.9,9.2,142.1,9.1,131.1,10.5,147.0,7.7,118.1,6.8,106.3,6.8,105.2,5.0,96.6,6.7
252,40,Male,17.5,196.8,32.1,192.9,21.1,,,,,,,178.8,10.4,,,,,159.8,11.8,117.5,7.8,129.7,7.2,127.9,6.8,112.2,4.2,,,106.9,7.0,102.1,5.6
253,58,Female,23.3,116.2,23.3,,,127.6,24.2,,,,,83.5,13.8,,,,,77.5,16.0,83.2,16.6,89.2,8.0,62.8,10.9,55.5,7.5,63.9,8.8,61.6,9.7,,
254,53,Female,17.1,141.9,18.7,125.0,29.1,,,,,,,,,,,,,109.5,13.0,93.7,11.0,96.2,7.5,78.6,4.5,83.3,8.1,,,80.3,5.8,56.4,10.3
255,38,Male,2.3,282.8,16.9,253.5,20.6,233.0,17.0,,,,,,,204.8,15.5,,,199.8,9.9,185.3,7.8,174.3,8.3,155.0,8.3,149.4,3.4,,,125.5,5.0,118.8,6.0
256,33,Female,19.0,201.4,23.4,154.2,21.6,,,,,,,,,,,,,141.3,14.7,103.8,9.3,96.2,6.5,101.0,9.1,96.1,8.4,85.3,6.0,77.1,7.0,,
257,42,Male,34.2,144.9,22.3,,,,,,,,,,,,,,,135.0,16.1,88.0,10.8,100.8,13.9,99.9,7.9,71.0,9.7,84.1,6.2,82.8,6.7,,
258,23,Male,4.9,281.9,20.4,,,,,,,,,,,209.2,8.7,199.2,15.0,188.2,13.6,176.2,5.8,164.2,8.2,152.2,4.6,142.1,6.8,132.1,6.4,121.1,4.3,110.1,5.7
259,19,Male,35.7,140.8,27.6,125.7,22.9,,,,,,,,,,,99.5,15.5,98.2,18.5,88.0,8.0,90.3,14.1,84.1,11.8,71.0,9.6,66.0,5.2,64.2,5.8,,
260,45,Female,1.9,228.5,24.7,196.3,12.7,186.6,16.2,178.0,11.7,,,154.8,10.2,167.9,13.7,170.8,7.0,157.8,8.4,144.4,6.6,133.9,9.9,120.9,6.5,111.4,4.0,104.1,4.1,95.1,5.6,,
261,52,Male,25.5,148.8,39.0,171.2,19.9,,,,,,,,,133.2,20.3,,,104.0,16.4,115.1,14.0,95.4,9.2,92.6,10.2,80.9,5.3,86.7,4.7,72.1,10.0,64.8,10.5
262,49,Male,27.7,173.2,27.2,164.6,32.3,,,,,,,113.0,13.8,,,,,,,96.2,17.0,103.0,11.5,80.9,9.9,96.2,6.4,,,86.2,5.9,83.0,8.3
263,26,Female,10.0,201.7,24.0,182.6,21.2,,,187.2,13.1,,,,,,,129.7,7.6,139.8,13.1,129.4,10.1,107.9,9.2,89.7,4.9,112.6,4.5,84.7,3.6,92.6,6.6,86.8,6.0
264,27,Female,7.4,215.8,18.7,190.5,20.2,,,,,,,,,,,157.3,13.8,154.5,9.0,133.3,5.6,125.2,9.1,120.3,7.1,107.1,5.3,101.7,3.2,92.3,5.2,,
265,30,Male,20.9,208.3,39.8,193.4,18.2,,,,,174.0,22.3,150.2,10.1,,,,,145.4,15.3,140.6,9.2,118.7,8.7,100.8,7.1,109.4,9.4,,,92.5,9.6,74.2,6.5
266,53,Male,21.8,173.9,35.4,,,,,,,,,,,,,140.6,15.4,113.0,13.8,110.8,11.0,93.1,13.2,100.7,12.0,82.6,5.8,,,73.9,6.0,,
267,52,Male,19.3,176.3,33.2,171.1,17.2,120.9,21.1,,,,,,,,,,,133.1,11.5,107.4,10.8,124.3,12.8,93.4,6.3,87.2,5.3,90.5,6.5,78.1,6.0,,
268,31,Male,9.6,251.9,26.8,,,,,,,,,,,,,,,174.8,8.5,167.5,5.8,163.7,7.9,136.5,5.9,137.6,4.1,121.7,5.4,116.3,6.8,92.6,4.2
269,27,Female,3.7,224.8,27.6,205.4,18.4,204.1,19.6,,,,,,,174.0,12.4,168.5,7.9,148.0,10.4,154.4,8.3,134.8,8.4,121.2,3.8,111.8,4.3,,,100.6,5.6,,
270,55,Male,34.9,140.8,29.0,124.5,28.6,,,,,,,100.0,19.8,,,,,94.0,12.2,88.0,9.2,82.0,10.2,76.0,5.1,71.0,9.8,66.0,6.8,60.5,9.8,55.0,6.1
271,54,Female,13.6,160.5,26.8,,,,,,,,,,,,,,,101.5,13.3,93.7,12.2,83.5,13.1,106.7,9.1,84.1,7.7,78.8,5.9,60.6,6.4,52.0,7.6
272,35,Female,2.2,240.8,25.5,188.6,18.3,201.0,15.5,,,,,,,,,177.3,11.6,154.3,8.2,144.6,10.3,142.7,10.4,,,116.0,4.7,,,101.0,6.2,88.2,3.5
273,27,Male,27.4,171.2,25.5,,,,,,,,,,,,,,,,,106.9,9.9,107.9,13.8,115.4,5.7,93.2,8.0,,,80.9,7.5,56.5,11.7
274,26,Female,23.7,180.8,30.2,,,,,,,116.4,15.3,99.2,20.1,,,,,103.0,15.9,104.7,8.2,84.0,14.1,74.0,5.1,80.2,8.8,,,78.3,7.6,64.2,6.4
275,23,Male,26.6,197.1,22.7,176.4,22.9,,,,,,,139.4,20.0,,,,,125.4,13.1,119.5,11.8,123.2,9.6,103.6,5.9,93.3,7.2,,,81.8,7.8,76.4,6.6
276,41,Female,29.2,124.8,31.4,,,,,,,118.3,20.2,,,,,,,104.2,12.7,76.0,16.8,90.5,14.9,69.8,11.3,63.3,6.5,66.7,4.6,62.8,6.9,48.8,11.0
277,18,Female,25.2,171.4,27.6,131.1,19.5,,,,,,,116.0,13.3,,,,,98.0,11.5,90.9,8.2,92.3,9.1,83.6,11.0,71.9,4.5,,,61.5,9.0,,
278,27,Female,13.7,197.1,32.8,164.5,28.4,,,,,,,,,,,139.5,16.9,145.4,12.0,123.6,15.6,112.1,11.8,110.2,10.6,89.0,5.1,,,83.2,8.4,,
279,37,Male,7.4,274.0,18.8,245.8,21.9,227.9,12.0,,,206.2,14.8,194.1,12.1,,,188.0,8.2,,,168.0,10.5,159.4,8.6,143.7,7.9,137.1,4.6,127.7,6.5,118.3,4.5,,
280,58,Male,35.0,155.5,26.0,,,118.0,20.5,,,,,100.0,21.5,,,,,94.0,13.6,88.0,11.7,82.0,14.1,76.0,7.7,73.3,9.1,,,60.5,9.0,55.0,7.8
281,24,Male,17.5,250.4,23.3,182.4,23.7,,,,,,,,,,,,,154.7,9.4,140.5,14.2,122.8,7.6,117.9,7.4,113.5,7.1,,,88.7,5.1,,
282,46,Female,19.9,172.6,18.9,162.0,31.5,,,,,,,124.0,15.5,,,,,101.6,10.7,,,,,74.0,8.6,75.1,8.4,,,67.5,4.7,70.1,7.8
283,37,Male,24.5,214.9,21.8,139.8,30.2,,,,,135.0,16.3,,,,,,,132.9,14.4,117.3,16.7,123.7,14.9,114.7,6.9,90.9,8.4,,,78.4,5.2,80.8,8.8
284,44,Male,13.8,240.3,23.4,,,,,170.5,20.0,,,163.0,9.4,,,,,169.5,15.2,140.2,15.1,125.7,9.7,124.4,6.2,110.9,5.8,116.3,7.3,102.7,8.6,,
285,41,Male,13.5,255.2,23.9,227.1,22.1,,,200.6,21.7,,,,,,,157.1,10.6,139.2,9.3,134.6,10.6,145.7,6.6,138.6,6.2,137.2,6.4,119.3,7.0,89.7,7.4,86.4,8.2
286,36,Male,19.0,220.4,18.6,194.4,18.7,,,,,,,144.4,10.5,,,,,172.0,9.8,126.8,8.1,125.9,11.3,107.4,5.7,109.7,5.2,,,94.3,8.3,84.6,5.7
287,34,Male,23.5,207.2,27.8,155.0,29.9,,,,,164.1,13.5,,,,,,,152.5,10.8,143.7,16.7,100.6,13.0,128.7,6.5,102.0,7.2,,,97.2,9.0,76.5,9.9
288,34,Female,12.3,169.2,22.4,180.9,16.8,,,165.9,23.3,,,,,,,149.8,15.9,141.7,13.2,121.3,13.4,120.4,12.9,118.8,4.5,93.9,3.7,,,80.6,5.3,,
289,58,Male,0.3,256.0,14.9,227.9,23.1,,,210.1,18.8,,,171.6,15.3,,,177.0,9.8,170.3,7.1,155.2,7.6,146.1,5.1,127.2,6.1,124.3,5.9,115.7,6.9,101.7,6.2,100.2,6.6
290,44,Male,1.8,276.8,19.9,259.8,14.3,,,,,,,,,209.6,13.9,205.7,10.6,189.7,13.2,174.2,8.0,163.4,7.5,,,142.3,6.6,134.2,2.8,122.0,3.7,,
291,46,Female,10.7,172.7,18.8,,,,,,,,,139.2,16.9,,,150.4,10.3,147.4,15.1,129.4,11.2,105.8,7.3,,,94.2,7.0,,,89.5,8.4,74.1,8.5
292,39,Male,12.9,271.6,28.2,,,,,,,225.9,11.5,,,,,,,149.3,14.7,166.4,8.2,161.9,13.3,136.8,5.3,133.1,3.8,109.9,6.8,103.7,4.9,,
293,58,Male,0.0,254.2,15.2,216.6,16.6,,,,,,,,,179.4,15.4,177.1,12.0,163.2,13.9,160.6,8.3,142.8,5.8,135.4,5.4,130.1,5.2,,,105.8,4.5,,
294,43,Male,16.0,250.2,21.9,196.3,17.9,,,,,,,155.7,14.2,,,,,144.7,11.6,140.7,7.7,,,124.9,6.9,131.7,8.2,,,112.0,5.3,,
295,57,Male,8.1,213.5,22.0,,,170.8,17.1,180.7,14.4,,,,,173.0,12.6,157.9,10.5,147.8,11.9,131.5,6.4,121.2,8.3,121.0,3.8,111.2,4.0,,,91.8,5.4,,
296,31,Male,14.3,207.2,19.5,,,,,,,,,,,,,,,164.7,11.6,144.0,13.4,162.6,9.2,136.7,8.0,124.3,6.4,97.1,3.8,114.8,9.0,,
297,51,Male,11.7,210.1,28.5,184.0,22.5,182.0,18.8,159.7,24.9,,,151.1,10.8,,,,,150.1,12.7,139.5,13.0,137.7,8.9,121.7,7.1,116.6,4.4,,,82.0,7.9,89.0,4.8
298,44,Male,14.7,237.5,23.6,202.4,29.9,,,,,,,178.5,9.6,169.6,14.1,,,153.9,10.6,143.2,11.7,143.4,12.2,135.8,10.1,110.7,8.5,120.6,7.8,95.9,7.6,,
299,54,Male,11.8,211.8,19.1,172.8,20.8,176.1,13.6,166.7,23.0,,,,,,,,,146.0,9.0,139.1,10.3,117.4,8.3,119.2,7.9,104.5,4.7,102.9,4.5,96.8,7.1,86.2,5.7
300,45,Male,10.9,245.8,22.0,199.7,26.0,,,,,179.8,13.8,,,,,196.3,13.2,169.2,11.8,115.4,9.0,136.8,10.5,128.3,6.6,127.8,8.3,,,99.5,8.4,104.0,7.5
301,19,Male,0.5,298.4,22.2,,,,,,,,,,,219.9,16.5,214.9,12.1,,,189.6,10.6,176.9,8.1,163.0,4.5,153.4,3.9,142.6,6.7,130.7,6.7,118.8,5.3
302,28,Male,30.2,160.4,36.4,,,,,142.8,16.4,,,,,,,129.9,11.2,125.0,10.2,103.9,13.7,87.4,11.9,87.1,6.7,81.9,5.9,,,63.1,7.4,,
303,19,Male,29.9,140.8,29.7,,,,,,,,,138.8,19.0,,,99.5,14.3,115.5,14.4,127.8,10.3,102.7,9.7,86.2,7.5,71.0,6.7,,,68.0,8.1,59.7,7.3
304,49,Female,26.5,141.6,20.7,,,,,,,,,,,,,106.0,13.1,89.3,15.3,76.5,15.3,78.4,7.2,76.6,8.2,67.1,9.6,,,60.7,5.1,,
305,59,Female,34.2,111.5,39.2,100.0,22.1,,,,,,,,,,,,,83.7,13.5,71.5,13.0,66.5,11.3,62.5,6.8,61.2,5.5,,,48.5,7.7,45.0,9.3
306,51,Male,22.7,164.9,35.5,164.1,27.1,160.4,29.8,,,,,,,,,,,118.5,15.4,107.0,8.2,111.1,13.9,92.1,7.9,89.7,5.9,,,63.1,7.2,62.8,8.0
307,40,Female,11.0,226.6,32.5,204.5,22.0,,,,,,,,,,,,,123.8,17.0,145.7,15.8,125.3,6.8,94.0,7.1,106.9,6.1,95.0,4.9,82.9,6.0,71.1,6.8
308,28,Male,29.6,168.9,39.6,,,,,,,,,135.3,13.2,,,,,114.5,11.0,95.7,9.8,101.4,8.6,82.5,8.0,80.8,9.6,,,77.0,9.6,,
309,20,Male,2.4,300.1,20.5,261.2,20.8,,,224.8,15.9,,,,,,,207.9,7.1,198.9,11.6,189.2,7.8,172.7,9.2,,,147.1,3.3,140.5,3.0,124.0,4.6,114.0,4.3
310,33,Male,27.3,166.1,36.4,,,,,,,,,119.5,21.8,,,109.8,20.0,132.9,13.1,109.5,17.8,102.7,7.5,91.2,9.4,78.6,7.7,,,78.1,9.6,,
311,57,Male,24.9,164.7,38.8,131.8,19.2,,,,,,,100.0,21.9,,,117.7,14.2,108.3,19.0,106.6,11.6,84.8,9.5,84.3,8.6,75.8,9.4,75.9,6.4,76.1,7.5,64.9,7.3
312,30,Female,8.9,208.9,15.1,187.3,14.7,,,,,,,,,,,155.5,8.0,145.2,11.9,133.9,9.1,124.6,6.0,115.2,8.1,104.0,3.3,98.3,3.8,90.9,4.1,84.3,5.3
313,41,Male,5.3,266.6,19.7,243.4,15.1,,,210.5,13.5,,,,,,,191.5,11.2,,,155.4,8.1,159.5,5.4,154.1,6.6,131.7,5.0,,,124.2,5.7,,
314,23,Female,26.3,161.0,21.9,128.4,33.1,,,,,,,,,,,,,100.4,12.5,102.4,15.8,84.4,9.6,85.3,11.5,75.0,4.9,78.3,9.5,64.3,8.1,,
315,29,Female,18.3,167.3,21.5,156.9,18.2,,,,,,,119.0,11.1,,,,,134.9,13.0,125.1,13.8,116.5,6.6,80.7,10.4,84.4,6.1,78.7,6.9,89.0,8.2,,
316,23,Male,28.9,192.5,35.9,,,154.8,20.6,,,108.9,16.7,,,,,,,,,103.5,11.3,108.0,12.4,84.1,8.7,96.2,5.0,,,86.6,9.9,70.7,6.4
317,59,Female,13.4,164.0,21.7,144.3,27.1,117.5,26.0,120.4,16.3,,,,,,,,,110.1,15.8,102.2,9.8,86.7,6.4,85.5,8.9,83.1,5.8,79.2,4.5,62.8,6.0,,
318,49,Male,16.0,219.9,32.4,202.1,27.3,,,,,,,,,,,,,142.8,14.0,138.4,13.2,108.9,7.8,126.7,5.4,94.2,5.7,,,95.1,6.7,,
319,28,Male,27.6,162.3,23.6,124.5,31.5,,,,,,,121.5,16.6,,,,,124.9,16.3,113.1,14.4,111.4,9.7,88.1,9.9,79.8,4.8,89.0,7.4,65.3,7.9,55.6,11.7
320,39,Female,4.1,226.1,27.8,202.8,15.9,,,180.5,13.8,,,,,,,168.3,10.8,157.2,8.6,145.0,8.7,134.9,5.0,124.7,7.6,112.5,4.7,,,98.4,5.3,,
321,38,Male,32.5,156.8,30.1,138.3,26.7,,,,,119.4,22.5,,,118.6,12.2,,,111.9,15.2,97.6,14.2,96.7,13.9,88.8,10.6,82.7,5.5,66.0,5.6,68.1,9.4,55.0,7.4
322,34,Male,23.0,156.7,34.6,,,,,,,,,138.2,20.7,,,,,153.2,18.1,124.8,12.3,104.8,11.7,107.7,11.1,94.1,8.7,,,77.2,7.6,,
323,32,Male,26.7,169.8,26.5,146.9,31.7,,,,,,,,,,,,,115.3,12.9,111.7,12.2,103.6,9.1,102.4,5.6,98.3,8.2,77.6,4.3,70.8,6.6,80.5,6.8
324,46,Male,34.1,141.0,24.4,152.6,27.6,,,,,,,,,,,99.5,14.0,127.8,15.1,,,82.0,13.6,81.4,11.5,89.8,6.4,67.6,10.0,60.5,6.1,76.3,8.5
325,49,Male,0.1,270.6,17.7,236.1,23.9,,,219.6,16.3,,,,,,,193.1,8.2,179.1,8.6,180.9,10.0,167.5,9.2,159.6,4.2,135.4,3.0,128.0,5.3,123.8,5.4,,
326,56,Female,7.3,181.0,27.8,159.8,16.3,155.7,18.1,143.8,19.3,,,,,141.0,14.2,133.7,12.8,127.1,7.4,115.3,12.0,107.9,8.6,99.2,7.8,91.0,4.6,,,78.8,6.4,,
327,59,Male,21.1,198.1,25.1,159.1,34.5,,,,,,,118.2,21.2,,,122.3,11.0,113.0,10.9,114.5,15.8,93.1,7.4,90.9,8.4,83.3,5.5,82.8,9.3,72.8,6.7,63.0,9.0
328,38,Male,7.5,267.9,14.5,237.9,23.7,,,,,,,,,202.8,8.9,194.9,11.1,171.5,10.6,167.4,7.7,157.6,6.0,147.6,7.7,134.6,3.4,,,113.8,6.8,106.4,8.0
329,36,Female,20.2,186.5,28.5,162.4,18.0,,,,,,,101.8,18.4,,,,,121.2,11.6,105.2,12.8,93.7,14.1,81.7,6.7,97.6,5.9,84.2,8.6,83.6,9.0,70.1,11.3
330,18,Female,3.5,239.6,27.5,214.4,12.7,,,181.7,16.5,183.6,11.9,,,189.0,9.6,179.3,11.3,158.9,12.7,132.5,10.7,143.6,6.6,117.5,6.9,109.0,4.0,,,104.8,3.5,91.8,7.4
331,55,Male,13.0,210.4,19.4,183.5,27.6,184.3,17.9,,,,,131.9,9.7,,,,,138.9,16.3,115.9,10.1,116.5,11.4,102.5,6.8,115.5,8.5,97.6,6.6,84.8,5.1,,
332,51,Male,22.6,165.0,39.7,186.2,23.6,,,,,,,144.7,15.0,,,114.1,14.9,94.0,18.2,132.5,16.2,94.0,8.0,76.0,10.8,94.5,7.0,82.0,8.2,74.8,5.5,,
333,59,Male,9.4,220.3,15.5,194.0,22.2,176.6,11.5,178.4,10.0,,,140.3,14.4,164.0,11.9,153.2,11.0,123.3,11.8,129.2,9.5,132.1,9.6,115.3,6.0,104.0,3.1,,,92.0,6.8,78.0,3.7
334,56,Female,34.9,111.5,37.3,100.0,21.3,103.6,20.0,,,,,,,,,83.0,19.3,77.5,13.6,71.5,9.0,66.5,13.4,61.5,5.6,56.4,7.7,52.5,9.4,48.5,5.3,45.0,6.9
335,57,Male,9.0,218.5,15.6,193.2,22.0,183.1,19.0,,,,,,,,,154.4,9.3,145.9,10.0,136.6,6.4,127.3,10.5,118.0,5.0,110.2,6.5,102.4,3.8,93.9,4.6,,
336,27,Female,18.8,158.1,35.5,174.4,28.5,,,,,,,,,,,,,105.3,11.1,107.6,15.1,94.0,10.1,90.4,6.2,91.0,8.1,,,69.5,6.5,63.5,8.8
337,30,Male,6.9,272.8,16.8,241.2,14.7,228.6,11.8,,,,,,,,,,,182.1,7.1,170.5,9.7,158.9,9.9,147.3,7.5,137.6,4.1,,,117.2,5.6,,
338,39,Female,30.3,111.5,37.8,139.9,21.4,,,96.8,19.1,,,,,,,,,96.8,13.4,87.9,8.2,79.7,13.0,69.3,6.2,69.1,7.5,,,50.6,5.9,56.0,11.5
339,29,Female,23.8,168.0,31.6,154.5,22.8,,,,,,,102.7,11.4,,,137.0,16.5,,,101.1,10.6,103.3,13.5,82.9,7.6,79.2,8.2,,,52.4,9.6,74.5,7.7
340,31,Female,1.4,235.7,22.5,202.6,23.7,,,192.2,17.4,,,,,,,179.1,13.7,160.5,10.0,149.3,11.6,136.2,9.9,126.9,6.9,110.3,6.4,107.6,4.8,104.2,4.7,93.0,7.7
341,28,Male,31.7,154.3,31.5,,,,,,,,,,,,,,,102.9,12.0,127.6,8.3,88.0,11.4,78.2,6.3,76.0,4.2,72.8,9.5,60.5,8.5,55.0,8.5
342,43,Female,8.5,206.6,17.1,186.1,18.6,,,166.7,11.9,,,145.6,11.0,150.3,9.0,159.3,14.9,136.8,7.9,125.8,12.1,117.7,6.4,114.1,3.9,105.2,4.8,94.8,3.9,87.2,3.6,,
343,24,Male,19.7,214.8,24.6,192.7,30.2,,,,,,,,,,,148.7,12.6,152.1,12.1,125.7,13.0,130.2,9.9,107.2,5.0,123.0,7.3,91.9,4.6,101.0,6.0,,
344,55,Female,8.3,182.0,14.8,,,148.3,12.2,144.4,11.8,,,,,142.3,10.9,130.3,13.5,127.0,8.8,106.4,10.8,109.3,8.0,98.8,6.7,91.9,6.0,82.2,5.9,77.6,5.8,73.2,5.3
345,22,Female,29.8,144.4,32.5,141.8,20.4,,,,,,,,,,,106.1,19.5,99.5,11.9,75.8,9.4,86.6,14.7,66.9,9.3,61.1,4.4,52.5,7.1,57.7,9.9,53.6,6.8
346,45,Female,19.5,152.1,33.7,131.9,18.3,,,,,,,,,,,126.6,11.2,124.8,14.3,,,96.9,12.4,80.7,7.8,77.8,4.6,76.4,4.6,68.4,6.5,,
347,27,Male,10.1,263.1,35.5,230.5,24.4,,,190.8,20.3,,,,,,,,,182.5,9.8,178.8,8.4,148.2,9.5,147.6,8.5,133.1,3.7,,,99.0,8.2,,
348,58,Female,10.7,170.3,19.6,154.5,25.9,,,114.8,21.3,,,,,,,,,144.6,9.6,91.2,13.5,107.6,8.3,82.4,5.7,79.2,4.2,71.9,8.3,85.7,5.0,,
349,33,Male,27.2,200.1,20.8,,,,,,,,,148.8,14.4,146.6,22.7,,,126.8,11.7,92.5,14.1,90.6,9.9,100.0,9.4,90.3,9.1,97.6,6.3,79.3,7.1,,
350,27,Female,31.5,130.7,29.6,,,,,,,,,85.1,13.2,,,,,98.3,11.1,79.1,12.9,83.7,13.0,69.4,10.4,64.8,4.8,,,56.5,8.3,,
351,21,Male,9.9,263.3,24.9,241.6,18.0,,,195.4,11.8,,,,,,,180.4,11.7,179.4,13.2,,,154.9,5.0,138.1,5.7,132.2,5.4,124.8,3.2,114.1,5.6,103.6,3.8
352,55,Female,11.6,163.6,35.1,154.9,19.9,,,,,,,135.8,10.8,,,,,116.5,13.0,93.4,10.4,107.6,10.5,99.0,9.4,80.6,7.1,86.5,5.4,78.3,6.5,72.0,9.6
353,48,Male,31.3,179.0,31.4,125.8,21.8,,,,,,,,,,,,,133.0,12.2,88.0,11.2,94.5,8.1,86.5,5.4,71.0,7.8,69.6,8.7,60.5,6.5,55.0,9.0
354,58,Female,11.1,154.0,35.3,146.0,27.6,142.2,14.6,131.7,19.7,,,,,,,,,117.8,11.8,106.8,8.2,103.6,8.0,91.1,9.5,90.3,7.1,,,74.2,8.9,66.6,6.2
355,34,Female,17.7,205.8,35.7,147.3,28.1,,,,,,,,,,,110.2,12.2,107.4,12.4,119.6,15.6,116.2,9.9,127.9,5.1,101.0,4.7,,,72.0,7.6,57.7,8.4
356,43,Female,21.4,149.1,34.4,144.4,26.7,134.3,15.3,,,,,100.0,17.0,,,,,104.8,16.1,117.8,17.4,87.4,10.2,90.4,9.8,68.6,9.6,85.9,7.3,68.9,5.3,59.4,11.7
357,18,Male,1.8,298.2,26.1,267.7,20.7,254.1,12.7,,,,,,,,,208.3,12.2,200.8,9.2,190.1,10.0,172.1,7.9,158.9,3.6,150.1,4.0,,,124.3,4.4,113.9,8.0
358,45,Female,28.0,160.7,32.0,110.6,31.4,,,,,,,,,,,,,83.1,13.3,83.2,8.7,77.8,14.3,98.9,11.8,60.7,5.9,68.8,7.4,48.5,5.4,,
359,26,Male,11.8,233.5,35.7,213.2,26.6,179.3,26.0,197.1,21.8,,,171.8,18.4,,,,,,,155.4,11.9,119.1,7.9,141.8,7.8,113.2,6.5,,,100.2,7.5,86.4,6.3
360,18,Male,35.1,140.8,30.1,,,,,,,,,,,,,,,94.0,19.6,88.0,15.1,85.9,12.3,94.6,5.8,79.0,6.7,74.5,8.7,67.4,7.0,,
361,57,Male,23.3,159.8,27.3,136.5,29.5,,,,,,,119.6,10.7,133.9,14.4,107.4,13.1,97.8,13.4,101.2,8.9,97.7,7.8,85.7,10.0,87.7,9.2,,,74.6,8.2,60.9,10.5
362,57,Male,14.6,237.7,19.9,,,166.6,23.5,,,,,116.9,19.3,,,,,121.9,11.5,129.4,13.3,113.4,7.2,95.3,7.7,105.1,4.6,104.6,7.2,92.0,8.2,,
363,42,Male,0.4,304.1,15.5,266.1,21.2,,,,,227.1,8.7,,,223.0,15.2,,,201.8,13.3,185.9,8.3,175.0,9.5,162.3,4.6,152.5,6.9,142.6,5.7,128.9,5.2,,
364,44,Male,12.5,227.8,25.1,199.0,26.1,,,189.3,17.8,,,,,172.8,18.5,175.2,15.1,,,163.3,7.3,136.7,9.3,139.9,8.4,124.8,3.6,111.9,7.7,102.9,6.5,,
365,27,Male,1.5,304.1,18.1,268.1,18.5,,,,,,,,,211.1,15.8,210.5,9.0,201.7,9.9,190.1,6.1,172.0,7.0,149.9,4.5,153.4,5.7,139.1,4.5,128.8,5.1,,
366,25,Male,20.6,191.8,24.4,169.4,22.1,,,,,,,163.9,14.0,,,,,152.1,14.0,150.1,14.3,108.9,8.1,97.8,9.9,95.4,6.5,,,84.6,6.1,,
367,53,Male,13.3,221.9,34.0,189.9,20.6,,,,,,,,,,,,,122.5,13.6,144.2,15.4,139.7,6.6,105.3,7.6,117.4,8.8,96.9,8.9,93.3,4.9,,
368,18,Male,15.0,259.7,18.4,195.1,23.1,,,220.8,14.5,,,,,,,,,133.9,12.2,154.6,13.9,119.1,10.1,100.6,9.1,125.9,3.8,,,97.8,4.8,85.6,5.1
369,36,Male,7.3,261.9,18.2,244.8,15.5,,,212.5,19.2,,,,,,,192.5,12.1,172.2,9.0,177.2,6.9,152.1,5.2,142.8,3.5,131.8,5.3,134.9,6.8,110.2,6.6,,
370,22,Male,7.1,263.1,20.1,248.4,22.2,,,208.0,15.4,,,,,200.6,11.2,,,192.0,9.4,163.6,7.9,,,150.5,7.8,132.1,3.6,,,116.4,4.0,,
371,44,Male,0.7,298.1,16.8,,,247.7,13.1,227.0,9.8,,,,,,,214.9,11.6,184.8,12.5,184.6,11.5,175.7,6.8,160.1,7.3,148.4,6.1,,,121.3,3.8,118.6,6.0
372,46,Female,23.1,138.9,34.6,121.5,31.2,,,104.1,13.3,,,92.4,18.0,,,,,107.8,14.0,92.6,15.5,85.1,13.0,82.5,8.2,65.6,7.6,,,61.7,5.6,,
373,22,Male,17.8,256.5,32.7,210.2,20.1,184.0,26.8,,,,,,,,,165.5,14.1,161.6,17.9,142.1,11.3,128.0,13.3,100.4,7.2,136.8,6.4,,,96.8,7.8,,
374,31,Male,32.9,157.8,25.3,137.6,19.0,,,,,,,118.0,19.0,125.6,23.2,,,124.1,12.5,102.9,11.9,96.6,10.6,81.7,9.1,77.1,4.0,70.4,5.8,69.5,8.9,,
375,19,Male,24.2,193.3,27.2,164.7,30.4,,,,,,,,,,,,,147.2,11.1,106.0,16.3,115.3,13.8,107.3,6.7,87.5,5.0,87.0,4.4,83.2,5.2,87.8,8.1
376,54,Female,13.9,160.8,23.5,112.7,28.8,,,141.3,13.0,,,,,,,,,109.9,16.3,104.2,12.3,99.1,9.8,102.9,8.5,91.5,7.0,81.6,7.9,85.5,6.5,,
377,47,Female,34.0,135.0,36.3,100.0,21.9,,,,,,,80.0,10.6,,,,,77.5,10.8,71.5,17.7,66.5,11.8,69.2,6.6,55.5,9.9,,,59.5,6.5,,
378,26,Female,2.2,237.1,25.7,199.6,19.8,,,171.0,17.8,181.8,9.1,,,172.3,9.0,173.2,11.8,153.6,8.4,144.0,9.3,143.3,6.3,132.3,6.3,111.0,3.9,112.0,5.9,97.2,4.8,87.3,6.3
379,40,Male,30.6,200.8,30.0,156.2,26.1,,,,,,,,,,,103.2,11.4,144.3,11.8,99.6,10.6,102.8,11.0,80.6,9.7,74.8,6.4,,,67.6,10.0,,
380,22,Female,12.2,193.5,29.2,182.5,22.2,,,158.3,19.9,,,,,,,,,146.5,16.7,117.5,9.1,107.4,9.6,106.0,8.2,101.5,4.6,,,87.1,6.2,90.5,10.2
381,27,Female,5.3,222.9,15.6,201.5,19.3,,,174.3,17.6,,,,,176.3,9.7,164.6,11.2,154.0,9.3,141.2,10.9,130.2,9.9,123.4,7.0,108.8,6.8,105.5,6.9,97.0,3.6,,
382,25,Male,23.7,192.1,23.4,136.5,19.4,180.5,17.7,,,,,,,,,128.0,16.1,134.2,16.9,104.6,8.4,102.9,7.3,127.2,10.0,98.6,7.3,,,87.1,5.4,79.8,10.3
383,21,Male,12.8,224.1,23.0,196.7,25.6,215.1,18.9,180.3,15.9,,,,,,,,,184.5,15.4,150.0,14.3,145.5,11.6,111.2,9.2,110.5,6.7,111.7,6.9,108.2,6.2,,
384,46,Male,6.7,257.3,18.5,227.5,20.5,,,,,194.6,11.2,,,,,181.8,8.4,171.8,13.0,160.8,5.8,149.9,5.7,138.9,4.4,129.7,6.8,,,110.6,5.5,,
385,45,Female,18.0,148.9,31.5,148.0,24.8,145.1,14.6,,,,,114.7,10.7,,,125.1,13.5,127.7,16.7,116.9,9.1,93.3,11.9,89.9,8.3,77.5,8.4,,,77.5,7.1,,
386,38,Male,15.5,230.2,29.7,199.8,20.6,,,,,,,164.2,14.1,,,,,153.0,10.6,152.0,9.9,129.4,9.1,128.4,10.5,110.2,5.6,,,104.4,6.1,82.9,4.7
387,40,Male,10.1,269.9,21.3,230.6,23.8,230.4,16.7,164.9,10.9,,,198.2,18.3,,,,,159.8,12.6,163.6,12.2,138.0,8.9,155.2,10.4,138.0,4.9,114.8,5.5,80.4,7.7,,
388,49,Male,3.8,257.9,15.5,222.5,22.2,,,,,,,,,,,189.4,13.8,174.5,13.6,164.5,10.7,147.3,9.1,140.6,8.1,128.1,6.5,,,111.4,5.1,100.5,7.2
389,42,Male,5.1,282.1,18.9,242.4,23.6,,,212.6,13.7,,,,,211.1,14.7,191.4,8.3,,,177.5,9.7,161.3,9.0,147.7,6.2,136.3,6.0,,,114.1,5.8,,
390,25,Male,13.9,228.1,22.6,173.1,16.8,,,190.6,13.2,,,,,,,,,157.5,15.1,144.9,11.4,137.2,13.0,131.1,4.7,125.0,5.7,,,109.4,6.6,107.5,9.2
391,20,Female,24.3,127.7,33.4,127.8,18.2,,,,,,,119.4,13.0,,,,,93.5,13.2,115.6,11.8,92.2,11.3,89.5,10.6,95.7,9.4,,,70.6,7.9,,
392,50,Male,11.1,226.0,26.2,212.8,28.0,,,160.1,13.7,,,,,,,,,141.4,14.2,141.3,7.5,136.6,6.8,118.6,6.2,122.8,4.9,109.6,6.0,97.2,6.6,91.8,8.2
393,35,Male,6.0,285.5,20.9,246.8,19.3,,,,,,,,,,,189.5,10.2,187.9,10.7,173.2,10.5,155.6,10.4,151.8,6.7,138.5,3.4,,,118.6,6.7,105.4,8.2
394,54,Male,18.5,197.1,20.2,164.3,16.7,173.6,13.5,,,,,109.6,17.8,,,147.6,13.9,139.4,17.6,139.5,8.1,131.6,13.1,98.2,5.4,113.8,7.9,87.6,7.0,80.2,6.1,66.7,9.8
395,19,Male,31.1,140.8,28.6,150.4,33.1,,,,,,,,,,,,,124.3,18.7,100.6,17.5,109.8,8.6,85.7,8.4,75.4,5.8,82.8,7.9,75.6,9.3,,
396,36,Male,7.3,267.3,21.7,,,220.1,18.1,210.8,18.2,,,,,,,,,179.4,12.3,173.5,9.7,155.8,9.7,145.9,7.3,129.9,6.1,,,117.8,6.4,,
397,30,Male,23.1,202.0,39.2,176.0,33.6,,,,,144.9,18.9,,,,,,,131.0,11.0,116.6,12.9,128.2,13.5,113.7,7.0,112.5,6.0,96.8,4.5,89.2,10.0,,
398,50,Male,15.1,216.0,29.8,191.1,28.6,,,,,156.5,19.0,,,,,,,,,133.8,13.3,112.0,10.8,113.4,5.1,114.1,6.7,92.8,4.0,93.7,6.3,,
399,56,Male,21.7,172.2,20.6,164.7,19.9,,,,,,,,,,,,,113.9,12.0,,,107.9,10.9,91.6,7.5,78.5,5.2,83.5,8.9,73.0,5.6,,
400,44,Male,19.8,214.9,26.2,186.6,21.9,,,,,,,,,,,,,138.2,16.9,129.9,16.2,128.1,13.3,,,110.8,7.2,98.7,4.7,84.6,5.3,,
401,23,Female,26.6,147.5,37.6,,,,,,,,,95.5,15.0,,,,,79.3,12.1,97.0,8.6,90.6,8.8,,,77.7,8.1,,,63.6,5.2,58.5,7.9
402,19,Male,8.7,259.1,21.5,224.0,13.6,,,,,,,,,197.9,16.1,,,169.9,11.9,159.7,10.3,143.0,9.6,149.1,6.9,133.2,4.5,128.5,4.8,116.1,6.6,101.0,7.8
403,37,Male,3.9,285.1,24.8,256.0,21.2,,,,,,,,,215.5,10.2,201.2,14.3,,,176.8,7.4,169.0,8.3,156.8,6.7,145.5,6.8,130.1,6.5,121.2,4.2,110.7,5.3
404,18,Male,22.9,207.4,23.0,185.0,27.0,159.1,15.4,,,,,142.1,17.5,,,,,129.0,11.2,115.5,15.8,112.6,14.8,,,98.0,4.2,,,97.4,7.1,,
405,58,Male,20.4,168.8,38.7,142.6,31.8,,,126.1,12.3,,,131.2,16.4,,,,,105.0,14.8,114.6,16.1,95.5,14.8,84.9,8.2,98.3,6.8,,,80.2,5.6,,
406,41,Male,13.3,257.0,19.7,232.4,22.5,,,239.4,24.9,,,,,,,,,142.2,14.3,154.8,15.6,158.1,6.6,131.9,6.1,128.7,5.6,116.4,5.5,99.9,5.8,,
407,28,Female,7.4,213.9,18.5,189.7,24.4,,,,,,,,,,,153.5,10.7,148.3,10.0,131.5,10.1,128.9,9.9,119.3,3.6,106.0,4.9,,,94.3,4.8,85.4,6.6
408,50,Female,9.5,179.8,18.6,,,157.2,11.0,132.7,12.5,,,,,,,134.0,11.8,131.9,8.8,110.3,9.6,105.9,10.2,113.2,7.9,94.3,3.3,,,80.2,5.0,,
409,41,Female,29.7,124.6,31.7,,,,,,,93.2,24.7,111.8,16.4,,,,,78.9,20.0,81.1,10.5,76.9,14.8,79.6,11.9,65.6,7.5,67.7,8.1,56.5,6.3,,
410,27,Female,18.7,168.8,35.4,136.5,20.0,,,,,,,,,,,,,,,,,110.4,13.2,93.3,8.7,89.2,5.3,79.3,5.7,76.2,5.1,73.7,10.6
411,18,Male,5.9,282.2,18.6,250.1,13.3,,,,,,,,,217.2,16.5,208.3,12.7,195.0,11.4,168.2,7.4,158.9,10.2,146.7,5.0,138.8,3.4,,,120.0,4.6,108.9,6.4
412,54,Male,18.3,194.1,19.6,183.2,20.2,,,,,158.1,21.9,129.4,16.4,125.6,22.1,,,,,113.7,13.2,99.3,10.0,102.4,7.8,92.3,6.8,,,85.8,6.8,,
413,28,Male,19.5,225.4,29.6,212.5,27.1,,,,,,,,,,,,,149.4,10.4,115.5,7.7,131.4,10.4,109.8,9.8,101.6,8.6,111.4,5.0,93.0,8.5,,
414,48,Male,14.3,193.8,25.4,205.8,22.5,,,,,,,171.6,17.4,,,173.8,18.4,,,,,118.9,7.1,121.5,7.4,101.5,6.1,113.2,7.8,94.7,4.7,86.9,6.8
415,47,Male,11.0,253.7,32.3,221.3,24.1,,,186.6,18.4,,,,,,,,,,,140.9,16.0,149.2,10.8,141.2,8.4,130.2,8.5,110.0,8.2,96.0,8.5,92.3,7.2
416,46,Male,6.5,263.6,22.4,231.2,17.2,223.6,15.9,,,,,,,188.4,17.4,187.0,13.2,174.3,7.0,,,149.4,7.6,144.0,8.3,132.8,3.7,121.3,4.4,108.3,5.8,99.1,7.4
417,22,Male,0.6,303.4,22.6,268.9,15.2,,,232.6,12.2,,,,,,,213.9,10.4,198.2,8.6,188.3,7.4,175.9,5.0,161.2,6.4,153.4,6.1,142.4,6.3,129.8,3.9,,
418,20,Female,27.4,130.0,22.2,135.3,19.9,,,121.1,12.5,,,,,,,,,77.5,13.4,80.1,16.3,89.6,15.0,84.2,10.0,68.0,7.5,,,64.0,7.6,60.8,6.3
419,20,Male,13.9,274.1,32.4,189.7,19.7,,,,,,,,,,,,,166.7,11.8,170.1,8.3,148.0,8.8,128.2,8.4,121.5,4.4,109.9,4.1,105.8,5.3,88.1,9.1
420,42,Male,5.7,258.7,27.3,244.2,24.3,,,,,203.1,9.9,186.3,7.1,,,186.6,14.1,188.3,10.5,174.8,7.4,167.5,10.1,146.4,8.3,139.7,4.5,,,120.1,4.7,,
421,36,Female,5.0,223.1,21.5,195.6,16.7,,,,,,,,,,,168.9,8.8,154.0,11.9,144.4,12.1,133.3,9.3,121.9,7.1,113.3,6.7,,,95.4,6.4,91.0,6.3
422,40,Male,6.8,283.8,15.2,239.9,13.5,,,,,,,,,,,189.4,8.0,188.0,13.8,174.8,12.2,161.1,7.2,147.7,8.2,134.0,4.4,127.8,4.3,116.5,5.8,,
423,38,Female,27.1,154.6,34.5,152.0,30.6,,,,,,,87.6,18.8,,,,,112.1,15.5,86.2,12.3,90.2,7.1,74.6,7.5,75.4,8.7,,,63.3,5.7,59.4,7.8
424,24,Male,24.9,177.3,23.9,148.1,31.9,,,,,,,,,,,99.5,17.9,144.9,19.8,125.8,17.8,,,111.1,8.9,100.7,8.9,95.2,5.1,78.5,6.3,,
425,24,Male,4.9,283.9,17.1,256.3,24.4,,,225.4,12.8,,,,,207.1,13.6,206.9,14.4,185.5,8.2,171.9,9.9,170.3,8.6,152.7,4.3,142.0,5.9,131.2,6.4,129.0,4.5,,
426,46,Female,8.2,208.1,26.4,181.3,23.6,162.3,20.3,162.7,13.8,,,,,,,147.2,10.3,139.2,8.7,130.2,10.1,124.5,7.0,100.0,5.5,97.2,3.5,,,87.9,5.5,,
427,30,Female,24.9,153.6,20.1,135.5,22.7,,,,,,,,,,,,,88.7,12.8,90.3,10.5,106.7,10.2,80.6,5.2,84.2,5.1,74.3,9.1,72.1,9.4,54.8,10.6
428,49,Female,4.3,200.3,14.7,178.1,17.4,174.6,14.5,,,,,,,,,144.1,9.0,143.4,13.3,132.0,12.5,118.3,9.8,107.0,8.2,103.6,3.4,,,86.5,4.2,83.9,7.4
429,20,Male,34.4,140.8,40.0,,,118.0,24.7,,,,,119.4,15.4,,,,,94.0,19.0,91.8,13.3,84.9,12.1,79.2,10.8,79.8,9.2,,,68.6,5.9,58.1,6.1
430,53,Male,19.0,184.6,30.7,203.4,23.5,166.7,20.1,,,,,163.9,10.0,,,124.3,12.1,126.8,12.6,111.8,9.2,112.2,12.9,111.7,5.4,92.7,5.9,,,90.8,6.4,,
431,50,Female,11.7,190.4,32.0,161.1,31.2,,,,,,,131.8,14.8,,,,,119.7,11.4,106.0,13.3,102.9,13.0,103.4,8.7,79.5,8.3,79.3,5.5,80.5,8.2,68.1,6.3
432,59,Male,32.8,140.8,33.5,,,118.0,22.3,,,,,,,,,,,94.0,12.3,88.0,17.4,82.0,11.6,76.0,11.2,84.5,6.7,66.0,8.2,60.5,8.8,,
433,46,Male,1.9,283.2,20.6,244.4,21.9,,,239.8,18.0,,,185.3,8.4,219.5,13.3,214.9,10.5,178.5,11.3,171.2,11.7,174.2,5.8,160.5,8.3,138.5,6.5,,,118.1,6.9,103.5,7.2
434,42,Male,27.3,189.1,34.5,175.2,25.7,140.9,24.3,122.5,19.3,,,,,,,,,130.7,11.7,125.5,17.4,100.2,10.0,103.3,8.7,79.9,6.4,86.8,5.2,70.4,6.2,67.5,11.8
435,35,Female,21.8,151.4,31.2,153.3,34.6,,,,,,,,,,,101.1,13.5,115.5,15.1,101.4,9.3,85.6,8.1,91.4,5.3,94.2,7.3,74.1,7.8,74.9,5.0,,
436,30,Male,10.6,260.1,33.4,196.4,22.2,,,,,198.3,17.8,,,,,,,138.3,10.3,176.9,9.4,160.9,11.9,135.5,4.7,139.8,6.5,,,111.6,5.3,113.9,7.8
437,57,Male,24.2,186.0,38.0,129.4,26.2,136.5,17.9,,,130.1,13.6,,,,,,,98.0,18.7,93.2,12.3,87.4,9.7,89.6,8.7,79.0,6.9,82.6,6.6,67.4,9.3,66.4,8.7
438,35,Male,6.8,273.3,24.9,241.6,21.0,,,215.4,16.4,,,194.1,11.7,202.8,11.3,193.1,8.4,182.4,13.4,170.8,9.6,159.2,10.3,147.5,7.7,137.8,2.9,,,117.4,3.6,,
439,38,Male,11.6,292.2,20.4,213.5,16.3,,,195.4,23.2,,,178.9,9.9,,,,,165.3,12.8,170.0,7.3,151.5,8.5,136.0,9.8,122.6,7.8,,,99.2,7.4,92.8,9.9
440,28,Male,11.4,267.4,20.0,208.8,24.4,,,196.7,24.1,,,194.9,16.3,,,181.5,19.2,190.4,11.4,164.1,11.7,137.6,9.7,,,122.9,5.9,,,107.2,7.8,,
441,39,Female,9.1,210.4,17.0,176.1,13.9,,,166.2,18.1,,,,,,,165.9,11.0,133.2,12.7,132.3,8.1,132.1,8.1,118.0,5.6,98.3,5.8,98.4,6.2,94.1,6.1,,
442,24,Female,19.7,170.9,21.7,140.8,26.4,,,,,,,121.3,12.0,,,,,133.7,15.2,123.6,12.3,95.1,7.5,94.1,9.0,55.5,6.7,,,63.4,5.5,74.9,6.7
443,52,Female,34.6,111.5,27.2,,,,,,,,,,,,,,,81.7,17.5,80.8,17.3,66.7,8.8,61.5,8.6,59.7,8.2,,,48.5,6.6,45.0,10.3
444,57,Female,13.5,164.2,27.8,,,,,124.1,21.6,,,,,,,,,116.1,15.0,105.8,9.5,89.4,10.3,91.4,10.3,77.2,7.0,,,75.3,5.5,,
445,33,Male,18.1,240.7,19.5,199.9,25.6,,,191.4,24.7,,,,,,,138.5,19.4,162.6,17.7,137.3,11.6,131.0,13.0,,,113.0,6.6,101.0,6.1,90.3,4.7,83.5,7.7
446,22,Male,12.0,248.2,28.2,229.2,22.0,,,,,175.4,16.5,,,,,,,168.5,10.7,161.9,7.5,140.1,10.8,126.8,4.6,117.5,7.9,106.4,4.7,116.7,7.4,97.4,6.9
447,51,Male,15.3,171.5,34.7,155.3,30.5,173.4,22.5,,,,,135.2,9.6,,,183.3,11.0,139.3,16.4,136.9,10.9,136.3,7.3,120.8,6.0,107.5,6.1,102.4,4.9,92.5,7.4,92.4,7.6
448,53,Male,27.6,146.6,33.0,129.8,24.9,,,,,,,100.0,11.9,,,110.9,18.7,,,89.6,17.7,93.3,12.1,84.9,9.1,80.7,4.9,75.1,4.2,60.5,7.7,58.8,7.4
449,27,Male,8.3,261.5,25.4,240.5,20.9,217.1,19.1,,,,,189.2,11.6,,,185.7,8.0,,,162.4,8.9,147.7,6.7,145.0,4.4,136.7,3.7,126.1,3.2,106.1,5.5,102.2,8.2
450,45,Male,28.6,162.1,36.8,,,,,127.9,23.4,,,106.6,13.2,,,126.8,18.3,111.5,17.5,96.3,13.7,88.2,13.3,84.1,7.9,82.4,8.2,,,71.6,9.8,64.0,11.8
451,41,Female,29.4,136.4,37.6,123.1,29.5,,,,,,,,,92.8,18.3,,,92.5,15.9,73.0,13.0,,,61.5,11.1,63.9,5.7,63.3,9.4,64.7,7.3,61.6,8.8
452,56,Male,18.6,201.9,34.9,147.7,28.3,,,,,,,,,,,139.9,11.9,143.8,11.2,131.0,14.2,120.0,13.0,115.7,6.8,102.1,6.7,,,72.2,4.6,72.0,7.1
453,51,Female,33.5,111.5,28.3,,,,,,,,,,,,,83.0,15.8,77.5,16.3,71.5,12.6,66.5,10.5,61.5,9.1,55.5,8.1,,,51.0,8.2,45.5,6.2
454,56,Female,12.3,161.4,31.3,131.1,30.0,139.0,24.7,,,,,,,125.6,12.4,,,120.6,17.4,105.5,15.5,92.4,9.6,92.6,9.5,81.4,3.7,65.8,4.8,66.9,5.5,70.6,7.9
455,42,Male,17.4,214.8,23.7,201.7,24.2,186.5,18.2,,,,,,,139.8,20.4,169.4,10.0,145.0,12.3,139.4,12.9,127.0,7.6,129.1,5.0,91.9,4.4,90.5,6.0,89.1,8.5,,
456,36,Male,5.4,290.4,14.5,265.4,23.7,,,220.2,19.5,,,,,,,188.3,14.4,180.7,8.8,165.0,6.0,165.3,9.6,148.0,8.0,142.5,5.2,,,124.2,3.7,,
457,24,Male,22.8,213.8,37.6,170.3,20.7,,,157.1,19.7,,,137.0,18.4,,,,,128.4,19.8,117.1,8.6,111.3,13.8,100.9,7.3,112.6,9.3,,,80.3,5.9,82.4,10.0
458,42,Male,15.1,244.9,31.9,207.2,20.7,176.7,19.9,,,,,,,,,,,166.5,17.3,139.3,10.6,123.3,12.6,121.6,10.4,117.5,8.7,,,109.6,5.4,79.5,7.4
459,46,Female,13.1,193.6,21.3,170.9,21.1,,,,,,,126.5,12.2,,,,,126.6,17.4,114.8,16.2,117.8,7.0,99.3,8.9,88.8,6.2,95.0,4.6,78.5,5.2,,
460,19,Female,10.1,186.3,26.0,167.5,16.2,,,180.9,21.9,,,,,,,,,136.1,12.0,128.9,11.4,117.4,9.5,117.5,4.9,96.0,5.6,103.9,5.6,88.7,6.8,,
461,42,Male,11.1,255.1,23.6,208.5,16.8,,,212.8,24.0,,,,,,,,,174.5,17.0,156.8,13.5,152.0,8.1,138.3,9.5,126.8,7.5,112.7,5.6,103.2,7.1,,
462,52,Male,35.7,140.8,35.9,,,,,,,107.8,14.3,,,,,99.5,13.7,,,88.0,17.7,88.4,12.5,76.0,6.4,71.0,5.4,66.0,7.8,60.5,5.2,,
463,23,Female,31.9,111.5,21.3,,,,,,,,,,,,,,,97.5,14.7,91.0,17.3,73.9,7.1,61.5,7.8,65.0,4.3,,,64.2,8.0,,
464,55,Female,1.5,203.3,14.3,174.7,19.1,176.6,16.8,158.9,12.7,144.9,8.7,,,,,144.2,14.6,,,127.1,8.9,117.9,5.8,107.6,4.6,102.7,5.8,,,86.3,6.3,80.2,4.6
465,40,Female,6.9,214.3,23.5,198.4,19.5,,,,,,,,,173.0,16.6,163.2,11.4,146.2,7.8,143.3,9.1,129.2,8.4,123.3,5.0,103.5,4.7,,,91.9,5.2,,
466,19,Male,17.4,203.9,18.9,191.4,20.8,,,,,,,175.8,10.8,,,,,137.3,11.5,149.8,15.0,107.7,9.1,103.3,8.2,87.9,4.3,110.9,8.8,99.8,7.5,,
467,29,Female,7.2,220.5,19.3,185.0,18.8,,,167.2,9.7,,,152.7,7.8,,,158.1,9.6,149.6,11.4,135.8,9.9,123.5,6.5,112.2,8.1,103.5,5.4,,,91.6,4.9,86.6,6.3
468,34,Male,8.5,269.3,23.3,,,,,,,192.4,10.2,,,,,179.8,14.1,,,165.6,10.2,153.7,7.0,140.9,5.6,138.9,3.8,,,109.7,4.8,,
469,56,Male,6.6,222.0,23.9,201.5,21.8,,,181.5,8.4,,,,,,,,,153.5,7.5,142.4,5.8,132.3,8.2,,,117.1,2.9,,,95.4,6.0,,
470,48,Female,15.3,150.8,22.8,131.4,28.2,,,,,,,125.5,16.2,,,130.3,17.1,117.3,11.1,124.7,10.9,91.7,7.6,88.1,6.1,80.9,6.1,,,70.8,5.0,,
471,56,Male,0.3,252.6,27.9,,,,,207.1,11.1,,,,,194.5,8.7,179.1,10.2,,,152.3,10.7,150.1,6.3,142.4,5.2,132.2,3.7,119.8,4.1,101.4,6.9,,
472,46,Male,7.7,251.5,23.1,230.5,21.3,208.1,17.8,197.2,11.3,189.6,10.0,182.2,11.3,184.6,11.9,176.7,14.7,167.2,10.7,156.5,9.7,150.1,6.5,138.5,8.1,127.6,3.0,,,107.0,5.2,,
473,47,Female,2.4,214.7,18.5,197.3,16.1,,,172.8,14.0,,,,,,,163.0,7.8,150.0,8.3,138.3,6.0,126.7,10.1,118.7,7.3,105.7,3.3,,,94.0,3.6,85.3,6.1
474,26,Male,14.2,251.8,25.7,253.4,18.7,,,,,,,,,179.7,14.2,165.5,10.2,168.6,13.0,159.3,15.0,140.2,8.2,145.9,8.8,129.6,6.0,99.6,6.8,83.7,6.9,98.2,9.1
475,58,Male,1.5,251.7,17.9,208.5,21.4,205.4,16.3,,,,,187.0,10.8,,,168.7,13.5,162.2,9.8,148.7,8.7,133.3,9.9,129.3,4.2,120.5,3.6,113.6,2.9,104.6,5.4,,
476,18,Female,27.9,144.0,31.7,128.9,28.3,,,,,,,,,,,,,106.0,13.5,81.9,9.3,,,82.8,5.6,58.2,5.2,79.8,5.5,66.4,7.1,65.7,7.2
477,42,Male,28.1,183.1,37.6,,,,,,,144.8,16.4,129.2,11.9,,,110.3,18.2,131.1,12.4,122.2,13.5,93.4,10.2,104.9,6.1,86.8,9.1,,,74.2,8.5,,
478,22,Male,23.1,195.2,33.2,183.1,24.1,,,,,,,,,,,,,141.3,17.9,121.8,15.7,132.6,14.6,111.4,11.6,103.3,4.3,95.5,10.0,89.4,6.8,83.0,6.5
479,32,Male,12.1,230.4,29.5,189.6,19.6,,,194.3,20.9,,,,,,,,,159.4,12.4,163.1,8.1,143.3,10.7,124.6,5.5,134.9,4.1,139.3,6.6,89.8,7.9,,
480,29,Male,6.3,266.5,27.0,236.0,21.6,,,,,210.1,14.6,,,,,200.3,12.6,180.6,9.7,170.5,12.5,162.3,6.4,151.0,6.8,144.3,5.9,129.2,5.1,123.7,4.0,110.5,7.7
481,37,Female,2.1,227.8,25.2,216.0,18.0,,,,,181.1,11.5,,,185.9,9.4,172.3,14.1,152.9,12.7,144.3,6.3,139.4,9.1,132.8,6.5,112.0,6.9,112.0,6.5,97.5,5.3,,
482,39,Male,27.0,195.1,32.6,148.0,31.2,,,,,,,132.4,19.9,,,,,117.6,11.9,117.6,10.2,84.9,8.8,104.9,6.5,103.0,8.0,,,80.5,5.6,57.2,8.6
483,27,Female,1.6,220.6,14.1,208.6,15.7,,,188.5,16.3,180.0,10.7,,,179.5,17.5,172.4,12.2,167.4,12.0,152.4,7.7,143.5,9.1,129.9,8.2,113.0,3.6,113.1,3.7,101.9,5.6,94.6,3.5
484,34,Female,22.9,148.5,32.5,148.6,27.2,,,,,,,110.5,18.3,139.5,20.1,,,113.5,19.9,98.6,10.2,92.0,9.9,83.7,10.2,75.4,7.9,84.3,8.3,66.6,7.0,64.7,6.3
485,51,Female,24.8,117.5,34.1,125.9,23.9,115.3,20.0,,,90.3,18.9,111.2,13.8,,,,,98.3,14.6,83.5,11.7,96.6,10.6,81.7,10.5,73.6,8.6,,,61.2,9.3,,
486,32,Male,12.1,298.4,32.4,235.9,22.8,,,,,,,,,,,,,139.1,16.0,154.3,12.4,148.3,12.1,131.4,9.2,126.5,5.7,108.0,5.2,98.0,7.4,96.0,5.7
487,39,Male,9.0,288.4,15.7,,,,,,,,,,,205.4,17.0,179.7,8.1,,,169.9,8.2,144.3,9.2,118.6,4.8,134.7,4.9,,,119.4,6.7,,
488,40,Male,7.7,274.6,18.5,228.7,20.0,,,213.4,13.4,,,,,188.3,12.7,181.8,14.4,180.5,13.8,165.3,10.5,157.4,6.1,152.9,7.2,125.7,5.1,,,114.2,5.8,,
489,22,Male,25.2,167.9,33.1,,,,,,,,,147.5,19.8,,,,,131.1,19.8,115.1,17.9,103.3,12.4,102.5,7.2,98.5,7.1,84.4,5.0,74.0,5.9,59.3,9.1
490,52,Female,35.7,129.9,20.2,108.4,34.0,,,,,,,80.0,19.0,,,,,77.5,10.4,71.5,16.0,66.5,14.8,61.5,11.2,55.5,5.5,55.7,4.4,50.4,6.0,45.0,6.5
491,23,Male,34.9,140.8,39.1,,,,,,,,,,,,,99.5,15.2,95.6,15.3,88.0,11.3,82.0,10.1,76.0,8.3,71.0,4.3,,,60.5,8.3,,
492,46,Male,29.5,181.6,37.3,140.8,27.0,,,,,,,,,,,,,94.0,11.8,111.5,8.1,123.3,8.7,81.9,5.7,76.1,7.0,66.2,4.6,78.1,9.7,78.6,5.9
493,47,Male,23.1,170.6,39.0,133.7,34.1,,,,,,,,,,,,,107.0,11.3,111.4,11.2,101.5,9.2,108.3,5.3,71.2,7.6,,,76.8,7.3,75.0,10.0
494,30,Male,30.2,149.1,21.5,,,,,,,,,121.1,13.8,,,,,106.6,15.2,94.7,12.7,82.0,10.5,83.5,6.9,75.7,9.7,84.6,8.2,67.4,9.9,,
495,43,Male,29.3,174.9,25.9,130.6,24.5,,,,,,,,,,,124.5,10.6,146.9,12.7,122.3,13.4,93.2,14.3,100.3,10.7,87.0,7.0,79.5,4.3,68.7,5.1,,
496,53,Male,25.7,169.5,37.7,,,127.9,29.9,126.0,16.4,,,114.9,19.5,,,,,107.2,16.2,109.2,13.9,114.5,14.3,99.9,8.8,87.3,5.3,79.6,5.7,61.8,8.7,,
497,35,Male,17.5,246.8,34.3,200.9,23.4,,,,,,,159.2,13.3,,,,,154.9,10.8,144.1,15.9,129.2,12.8,107.9,6.0,135.9,6.7,107.5,8.5,106.7,8.3,,
498,51,Male,10.5,217.6,25.2,178.7,17.4,187.0,15.7,,,,,,,,,,,166.9,9.7,,,,,110.7,10.3,107.4,3.7,110.6,6.4,77.8,5.1,,
499,54,Male,14.2,189.4,34.0,199.7,20.2,,,153.8,24.7,,,,,,,,,113.0,17.9,112.1,15.0,126.2,11.9,109.3,4.7,104.0,3.9,,,90.6,8.1,78.3,10.0
500,26,Male,20.1,219.6,38.8,198.5,31.9,,,,,,,121.0,18.9,,,157.5,15.5,163.9,10.5,131.0,10.4,118.3,7.7,105.3,9.1,91.6,7.2,98.8,6.2,103.0,8.9,79.9,6.0
